PRAGMA foreign_keys=OFF;
BEGIN TRANSACTION;
CREATE TABLE IF NOT EXISTS "migrations" ("id" integer primary key autoincrement not null, "migration" varchar not null, "batch" integer not null);
INSERT INTO migrations VALUES(1,'0001_01_01_000000_create_users_table',1);
INSERT INTO migrations VALUES(2,'0001_01_01_000001_create_cache_table',1);
INSERT INTO migrations VALUES(3,'0001_01_01_000002_create_jobs_table',1);
INSERT INTO migrations VALUES(4,'2024_11_10_170004_create_budgets_table',1);
INSERT INTO migrations VALUES(5,'2024_11_10_170226_create_budget_user_table',1);
INSERT INTO migrations VALUES(6,'2024_11_10_175740_create_incomes_table',1);
INSERT INTO migrations VALUES(7,'2024_11_10_180713_create_accounts_table',1);
INSERT INTO migrations VALUES(8,'2024_11_10_180715_create_account_budget_table',1);
INSERT INTO migrations VALUES(9,'2024_11_10_182221_create_expenses_table',1);
INSERT INTO migrations VALUES(10,'2024_11_11_192546_create_categories_table',1);
INSERT INTO migrations VALUES(11,'2024_11_11_192732_create_category_expense_table',1);
INSERT INTO migrations VALUES(12,'2024_11_11_201842_create_settings_table',1);
INSERT INTO migrations VALUES(13,'2024_11_11_203034_create_currency_rates_table',1);
INSERT INTO migrations VALUES(14,'2024_11_18_195009_add_normalized_title_to_incomes_table',1);
INSERT INTO migrations VALUES(15,'2024_12_02_162505_create_purchase_items_table',1);
INSERT INTO migrations VALUES(16,'2024_12_04_183504_add_slug_to_incomes_table',1);
INSERT INTO migrations VALUES(17,'2024_12_04_184952_create_payments_table',1);
INSERT INTO migrations VALUES(18,'2024_12_04_185240_add_slug_to_expenses_table',1);
INSERT INTO migrations VALUES(19,'2024_12_04_192847_add_active_budget_field_to_settings_table',1);
INSERT INTO migrations VALUES(20,'2024_12_04_203807_add_normalized_title_to_accounts_table',1);
INSERT INTO migrations VALUES(21,'2024_12_11_165155_add_amoun_calculated_to_purchases_table',1);
INSERT INTO migrations VALUES(22,'2024_12_27_162709_create_exchanges_table',1);
INSERT INTO migrations VALUES(23,'2024_12_31_145303_add_total_field_to_payments_table',1);
INSERT INTO migrations VALUES(24,'2025_01_09_145242_create_operations_table',1);
CREATE TABLE IF NOT EXISTS "users" ("id" integer primary key autoincrement not null, "name" varchar not null, "email" varchar not null, "email_verified_at" datetime, "password" varchar not null, "remember_token" varchar, "created_at" datetime, "updated_at" datetime);
INSERT INTO users VALUES(1,'Мистер папочка','vonavud@gmail.com',NULL,'$2y$12$Qz4Sa7GYaM6DBO9kDWyfmOKGbZI1wdIZZFfVahdqMOSzDRtDk73EK',NULL,'2025-01-09 20:27:02','2025-01-09 20:27:23');
INSERT INTO users VALUES(2,'Секси чика','test@test.test',NULL,'$2y$12$qLdmjDuejnu/uGbUrD3hrer/kiz8q3qa7FkZVvMyncyKsjfrdlb.q',NULL,'2025-01-09 20:28:06','2025-01-09 20:28:06');
CREATE TABLE IF NOT EXISTS "password_reset_tokens" ("email" varchar not null, "token" varchar not null, "created_at" datetime, primary key ("email"));
CREATE TABLE IF NOT EXISTS "sessions" ("id" varchar not null, "user_id" integer, "ip_address" varchar, "user_agent" text, "payload" text not null, "last_activity" integer not null, primary key ("id"));
INSERT INTO sessions VALUES('CeiiG19b0B1Jhg3t4QAiHmmwfLXu3QXJ0G2L2zCk',1,'127.0.0.1','Mozilla/5.0 (Macintosh; Intel Mac OS X 10_15_7) AppleWebKit/537.36 (KHTML, like Gecko) Chrome/131.0.0.0 Safari/537.36','YTo0OntzOjY6Il90b2tlbiI7czo0MDoid1kwUEJBNGllSDNPM3JwUllSWERkRHBtRHZPbHVtaVpiZWVnekdnaiI7czo5OiJfcHJldmlvdXMiO2E6MTp7czozOiJ1cmwiO3M6Mjk6Imh0dHA6Ly9maW5hbmNlcy50ZXN0L2FjY291bnRzIjt9czo2OiJfZmxhc2giO2E6Mjp7czozOiJvbGQiO2E6MDp7fXM6MzoibmV3IjthOjA6e319czo1MDoibG9naW5fd2ViXzU5YmEzNmFkZGMyYjJmOTQwMTU4MGYwMTRjN2Y1OGVhNGUzMDk4OWQiO2k6MTt9',1736511930);
CREATE TABLE IF NOT EXISTS "cache" ("key" varchar not null, "value" text not null, "expiration" integer not null, primary key ("key"));
CREATE TABLE IF NOT EXISTS "cache_locks" ("key" varchar not null, "owner" varchar not null, "expiration" integer not null, primary key ("key"));
CREATE TABLE IF NOT EXISTS "jobs" ("id" integer primary key autoincrement not null, "queue" varchar not null, "payload" text not null, "attempts" integer not null, "reserved_at" integer, "available_at" integer not null, "created_at" integer not null);
CREATE TABLE IF NOT EXISTS "job_batches" ("id" varchar not null, "name" varchar not null, "total_jobs" integer not null, "pending_jobs" integer not null, "failed_jobs" integer not null, "failed_job_ids" text not null, "options" text, "cancelled_at" integer, "created_at" integer not null, "finished_at" integer, primary key ("id"));
CREATE TABLE IF NOT EXISTS "failed_jobs" ("id" integer primary key autoincrement not null, "uuid" varchar not null, "connection" text not null, "queue" text not null, "payload" text not null, "exception" text not null, "failed_at" datetime not null default CURRENT_TIMESTAMP);
CREATE TABLE IF NOT EXISTS "budgets" ("id" integer primary key autoincrement not null, "title" varchar not null, "slug" varchar not null, "balance" float not null default '0', "currency" varchar not null default 'RUB', "created_at" datetime, "updated_at" datetime, "deleted_at" datetime);
INSERT INTO budgets VALUES(1,'Наш бюджет','nas-biudzet',803142.3599999999861,'RUB','2025-01-09 20:29:07','2025-01-10 16:24:45',NULL);
CREATE TABLE IF NOT EXISTS "budget_user" ("id" integer primary key autoincrement not null, "user_id" integer not null, "budget_id" integer not null, "created_at" datetime, "updated_at" datetime, foreign key("user_id") references "users"("id") on delete cascade, foreign key("budget_id") references "budgets"("id") on delete cascade);
INSERT INTO budget_user VALUES(1,2,1,NULL,NULL);
INSERT INTO budget_user VALUES(2,1,1,NULL,NULL);
CREATE TABLE IF NOT EXISTS "incomes" ("id" integer primary key autoincrement not null, "account_id" integer not null, "user_id" integer not null, "title" varchar not null, "source" varchar not null, "amount" varchar not null, "currency" varchar not null, "created_at" datetime, "updated_at" datetime, "deleted_at" datetime, "normalized_title" varchar not null default '', "slug" varchar, foreign key("account_id") references "accounts"("id") on delete cascade, foreign key("user_id") references "users"("id") on delete cascade);
INSERT INTO incomes VALUES(1,1,1,'От юры за подписку','За подписку','2500','RUB','2024-12-02 12:43:00','2025-01-09 20:53:00',NULL,'от юры за подписку','1');
INSERT INTO incomes VALUES(2,1,1,'Зарплата','Зарплата','60000','RUB','2024-12-02 12:22:00','2025-01-10 01:33:50',NULL,'зарплата','2');
INSERT INTO incomes VALUES(3,7,1,'процент по вкладу','процент по вкладу','560','RUB','2024-12-02 12:55:00','2025-01-10 01:34:50',NULL,'процент по вкладу','3');
INSERT INTO incomes VALUES(4,1,1,'Зарплата','Зарплата','60000','RUB','2024-12-15 21:35:00','2025-01-10 01:35:32',NULL,'зарплата','4');
INSERT INTO incomes VALUES(5,1,1,'Зарплата','Зарплата','60000','RUB','2024-12-27 21:36:00','2025-01-10 01:36:17',NULL,'зарплата','5');
INSERT INTO incomes VALUES(6,1,1,'От юры за подписку','За подписку','2500','RUB','2025-01-06 21:36:00','2025-01-10 01:36:54',NULL,'от юры за подписку','6');
INSERT INTO incomes VALUES(7,3,1,'Процент по вкладу','Процент по вкладу','3442.62','RUB','2024-12-03 21:37:00','2025-01-10 01:38:25',NULL,'процент по вкладу','7');
INSERT INTO incomes VALUES(8,3,1,'Процент по вкладу','Процент по вкладу','3619.57','RUB','2025-01-02 21:38:00','2025-01-10 01:39:03',NULL,'процент по вкладу','8');
INSERT INTO incomes VALUES(9,8,2,'currency exchange','currency exchange','5890','GEL','2024-12-23 12:43:00','2025-01-10 13:18:52',NULL,'currency exchange','9');
INSERT INTO incomes VALUES(10,9,2,'currency exchange','currency exchange','34.6321','USD','2024-12-02 16:00:00','2025-01-10 13:16:40',NULL,'currency exchange','10');
INSERT INTO incomes VALUES(11,9,2,'currency exchange','currency exchange','331.25','USD','2024-12-02 16:05:00','2025-01-10 13:16:34',NULL,'currency exchange','11');
INSERT INTO incomes VALUES(12,9,2,'currency exchange','currency exchange','94.229','USD','2024-12-02 16:15:00','2025-01-10 13:16:54',NULL,'currency exchange','12');
INSERT INTO incomes VALUES(13,4,2,'currency exchange','currency exchange','351','GEL','2024-12-02 12:35:00','2025-01-10 13:16:48',NULL,'currency exchange','13');
INSERT INTO incomes VALUES(14,4,2,'currency exchange','currency exchange','905','GEL','2024-12-03 21:05:00','2025-01-10 13:17:01',NULL,'currency exchange','14');
INSERT INTO incomes VALUES(15,9,2,'currency exchange','currency exchange','54.4851','USD','2024-12-16 19:10:00','2025-01-10 13:17:52',NULL,'currency exchange','15');
INSERT INTO incomes VALUES(16,9,2,'currency exchange','currency exchange','198.0199','USD','2024-12-16 19:15:00','2025-01-10 13:18:00',NULL,'currency exchange','16');
INSERT INTO incomes VALUES(18,9,2,'currency exchange','currency exchange','132.6865','USD','2024-12-16 19:32:00','2025-01-10 13:18:09',NULL,'currency exchange','18');
INSERT INTO incomes VALUES(19,9,2,'currency exchange','currency exchange','58.8702','USD','2024-12-16 19:35:00','2025-01-10 13:18:15',NULL,'currency exchange','19');
INSERT INTO incomes VALUES(21,9,2,'currency exchange','currency exchange','45.4636','USD','2024-12-16 19:40:00','2025-01-10 13:18:23',NULL,'currency exchange','21');
INSERT INTO incomes VALUES(22,4,2,'currency exchange','currency exchange','420.95','GEL','2024-12-16 19:55:00','2025-01-10 13:18:40',NULL,'currency exchange','22');
INSERT INTO incomes VALUES(23,4,2,'currency exchange','currency exchange','886','GEL','2024-12-18 23:15:00','2025-01-10 13:18:48',NULL,'currency exchange','23');
INSERT INTO incomes VALUES(24,9,2,'currency exchange','currency exchange','23.4786','USD','2025-01-06 11:55:00','2025-01-10 13:18:57',NULL,'currency exchange','24');
INSERT INTO incomes VALUES(25,4,2,'currency exchange','currency exchange','60','GEL','2025-01-06 12:10:00','2025-01-10 13:18:33',NULL,'currency exchange','25');
INSERT INTO incomes VALUES(26,6,1,'currency exchange','currency exchange','146','TRY','2024-12-02 09:22:00','2025-01-10 13:22:56',NULL,'currency exchange','26');
INSERT INTO incomes VALUES(27,4,1,'currency exchange','currency exchange','50','GEL','2024-12-14 09:23:00','2025-01-10 13:23:57',NULL,'currency exchange','27');
INSERT INTO incomes VALUES(28,6,1,'currency exchange','currency exchange','726','TRY','2024-12-30 09:24:00','2025-01-10 13:25:04',NULL,'currency exchange','28');
INSERT INTO incomes VALUES(29,6,1,'currency exchange','currency exchange','150','TRY','2025-01-04 09:25:00','2025-01-10 13:26:13',NULL,'currency exchange','29');
INSERT INTO incomes VALUES(30,7,2,'currency exchange','currency exchange','3600','RUB','2024-12-02 10:02:00','2025-01-10 14:02:41',NULL,'currency exchange','30');
INSERT INTO incomes VALUES(31,11,1,'currency exchange','currency exchange','7846.33','RUB','2024-12-15 10:04:00','2025-01-10 14:05:08',NULL,'currency exchange','31');
INSERT INTO incomes VALUES(32,1,1,'от гены на пополнение мобильного','Перевод','100','RUB','2024-12-15 10:05:00','2025-01-10 14:05:56',NULL,'от гены на пополнение мобильного','32');
INSERT INTO incomes VALUES(33,11,1,'currency exchange','currency exchange','5000','RUB','2024-12-29 10:07:00','2025-01-10 14:08:17',NULL,'currency exchange','33');
INSERT INTO incomes VALUES(34,11,1,'currency exchange','currency exchange','5600','RUB','2024-12-31 10:08:00','2025-01-10 14:08:58',NULL,'currency exchange','34');
INSERT INTO incomes VALUES(35,10,1,'currency exchange','currency exchange','378','RUB','2025-01-02 10:09:00','2025-01-10 14:10:12',NULL,'currency exchange','35');
INSERT INTO incomes VALUES(36,10,1,'currency exchange','currency exchange','1821','RUB','2025-01-09 10:10:00','2025-01-10 14:10:36',NULL,'currency exchange','36');
INSERT INTO incomes VALUES(37,8,2,'currency exchange','currency exchange','150','GEL','2024-12-04 10:15:00','2025-01-10 14:16:13',NULL,'currency exchange','37');
INSERT INTO incomes VALUES(38,12,1,'currency exchange','currency exchange','69','USD','2024-12-05 10:21:00','2025-01-10 14:22:30',NULL,'currency exchange','38');
INSERT INTO incomes VALUES(39,8,2,'currency exchange','currency exchange','50','GEL','2024-12-05 10:25:00','2025-01-10 14:26:07',NULL,'currency exchange','39');
INSERT INTO incomes VALUES(40,12,1,'currency exchange','currency exchange','7.78','USD','2024-12-09 10:27:00','2025-01-10 14:27:53',NULL,'currency exchange','40');
INSERT INTO incomes VALUES(41,8,2,'currency exchange','currency exchange','250','GEL','2024-12-09 10:28:00','2025-01-10 14:29:05',NULL,'currency exchange','41');
INSERT INTO incomes VALUES(42,8,2,'currency exchange','currency exchange','50','GEL','2024-12-16 10:31:00','2025-01-10 14:31:24',NULL,'currency exchange','42');
INSERT INTO incomes VALUES(43,8,2,'currency exchange','currency exchange','600','GEL','2024-12-20 10:31:00','2025-01-10 14:33:43',NULL,'currency exchange','43');
INSERT INTO incomes VALUES(44,12,1,'currency exchange','currency exchange','100','USD','2024-12-23 10:34:00','2025-01-10 14:34:45',NULL,'currency exchange','44');
INSERT INTO incomes VALUES(45,4,2,'currency exchange','currency exchange','10','GEL','2025-01-06 10:38:00','2025-01-10 14:38:30',NULL,'currency exchange','45');
INSERT INTO incomes VALUES(46,4,1,'currency exchange','currency exchange','540','GEL','2025-01-08 10:38:00','2025-01-10 14:39:25',NULL,'currency exchange','46');
INSERT INTO incomes VALUES(47,12,1,'currency exchange','currency exchange','20','USD','2025-01-10 10:41:18','2025-01-10 14:41:39',NULL,'currency exchange','47');
CREATE TABLE IF NOT EXISTS "accounts" ("id" integer primary key autoincrement not null, "title" varchar not null, "slug" varchar not null, "amount" float not null, "currency" varchar not null, "type" varchar not null, "created_at" datetime, "updated_at" datetime, "deleted_at" datetime, "normalized_title" varchar not null default '');
INSERT INTO accounts VALUES(1,'Тинька зарплатная карта ДВ','tinka-zarplatnaia-karta-dv',52720.44999999999709,'RUB','account','2025-01-09 20:33:45','2025-01-10 14:10:36',NULL,'тинька зарплатная карта дв');
INSERT INTO accounts VALUES(2,'Накопительный счёт Катя','nakopitelnyi-scet-katia',9680.72999999999957,'RUB','account','2025-01-09 20:34:59','2025-01-10 15:48:20',NULL,'накопительный счёт катя');
INSERT INTO accounts VALUES(3,'Вклад под процент Катя','vklad-pod-procent-katia',207062.1900000000023,'RUB','account','2025-01-09 20:35:25','2025-01-10 01:39:03',NULL,'вклад под процент катя');
INSERT INTO accounts VALUES(4,'Счёт в кредо','scet-v-kredo',99.3700000000000045,'GEL','account','2025-01-09 20:36:06','2025-01-10 16:24:45',NULL,'счёт в кредо');
INSERT INTO accounts VALUES(5,'Наличка баксы','nalicka-baksy',3300.0,'USD','cash','2025-01-09 20:38:54','2025-01-10 13:32:38',NULL,'наличка баксы');
INSERT INTO accounts VALUES(6,'счёт в зираат','scet-v-ziraat',0.5699999999999899592,'TRY','account','2025-01-09 20:39:22','2025-01-10 13:29:28',NULL,'счёт в зираат');
INSERT INTO accounts VALUES(7,'Накопительный счет в Газпромбанк','nakopitelnyi-scet-v-gazprombank',54852.37999999999739,'RUB','account','2025-01-09 20:40:50','2025-01-10 14:02:41',NULL,'накопительный счет в газпромбанк');
INSERT INTO accounts VALUES(8,'Наличка Катя','nalicka-katia',2656.800000000000181,'GEL','cash','2025-01-09 20:41:14','2025-01-10 16:17:07',NULL,'наличка катя');
INSERT INTO accounts VALUES(9,'аккаунт в байбит','akkaunt-v-baibit',0.3290000000000000146,'USD','account','2025-01-09 20:41:40','2025-01-10 13:51:34',NULL,'аккаунт в байбит');
INSERT INTO accounts VALUES(10,'Ozon bank Катя','ozon-bank-katia',2199.0,'RUB','account','2025-01-10 14:03:08','2025-01-10 14:10:36',NULL,'ozon bank катя');
INSERT INTO accounts VALUES(11,'Т-Банк Катя','t-bank-katia',18446.33000000000175,'RUB','account','2025-01-10 14:04:47','2025-01-10 14:08:58',NULL,'т-банк катя');
INSERT INTO accounts VALUES(12,'USD credo','usd-credo',0.0,'USD','account','2025-01-10 14:21:51','2025-01-10 14:42:03',NULL,'usd credo');
CREATE TABLE IF NOT EXISTS "account_budget" ("id" integer primary key autoincrement not null, "account_id" integer not null, "budget_id" integer not null, "created_at" datetime, "updated_at" datetime, foreign key("account_id") references "accounts"("id") on delete cascade, foreign key("budget_id") references "budgets"("id") on delete cascade);
INSERT INTO account_budget VALUES(1,1,1,NULL,NULL);
INSERT INTO account_budget VALUES(2,2,1,NULL,NULL);
INSERT INTO account_budget VALUES(3,3,1,NULL,NULL);
INSERT INTO account_budget VALUES(4,4,1,NULL,NULL);
INSERT INTO account_budget VALUES(5,5,1,NULL,NULL);
INSERT INTO account_budget VALUES(6,6,1,NULL,NULL);
INSERT INTO account_budget VALUES(7,7,1,NULL,NULL);
INSERT INTO account_budget VALUES(8,8,1,NULL,NULL);
INSERT INTO account_budget VALUES(9,9,1,NULL,NULL);
INSERT INTO account_budget VALUES(10,10,1,NULL,NULL);
INSERT INTO account_budget VALUES(11,11,1,NULL,NULL);
INSERT INTO account_budget VALUES(12,12,1,NULL,NULL);
CREATE TABLE IF NOT EXISTS "expenses" ("id" integer primary key autoincrement not null, "account_id" integer not null, "user_id" integer not null, "normalized_title" varchar not null default '', "title" varchar not null, "amount" float not null, "currency" varchar not null, "has_items" tinyint(1) not null default '0', "created_at" datetime, "updated_at" datetime, "deleted_at" datetime, "slug" varchar, "amount_calculated" float not null default '0', foreign key("account_id") references "accounts"("id") on delete cascade, foreign key("user_id") references "users"("id") on delete cascade);
INSERT INTO expenses VALUES(1,5,2,'currency exchange','currency exchange',2100.0,'USD',0,'2024-12-23 12:43:00','2025-01-10 13:18:52',NULL,'1',0.0);
INSERT INTO expenses VALUES(2,1,2,'currency exchange','currency exchange',3600.0,'RUB',0,'2024-12-02 16:00:00','2025-01-10 13:16:40',NULL,'2',0.0);
INSERT INTO expenses VALUES(3,1,2,'currency exchange','currency exchange',34450.0,'RUB',0,'2024-12-02 16:05:00','2025-01-10 13:16:34',NULL,'3',0.0);
INSERT INTO expenses VALUES(4,1,2,'currency exchange','currency exchange',9813.0,'RUB',0,'2024-12-02 16:15:00','2025-01-10 13:16:54',NULL,'4',0.0);
INSERT INTO expenses VALUES(5,9,2,'currency exchange','currency exchange',128.5740000000000122,'USD',0,'2024-12-02 12:35:00','2025-01-10 13:16:48',NULL,'5',0.0);
INSERT INTO expenses VALUES(6,9,2,'currency exchange','currency exchange',331.5049999999999955,'USD',0,'2024-12-03 21:05:00','2025-01-10 13:17:01',NULL,'6',0.0);
INSERT INTO expenses VALUES(7,1,2,'currency exchange','currency exchange',5497.0,'RUB',0,'2024-12-16 19:10:00','2025-01-10 13:17:52',NULL,'7',0.0);
INSERT INTO expenses VALUES(8,1,2,'currency exchange','currency exchange',20000.0,'RUB',0,'2024-12-16 19:15:00','2025-01-10 13:18:00',NULL,'8',0.0);
INSERT INTO expenses VALUES(9,1,1,'currency exchange','currency exchange',15000.0,'RUB',0,'2025-01-10 11:32:06','2025-01-10 12:49:17','2025-01-10 12:49:17','9',0.0);
INSERT INTO expenses VALUES(10,1,2,'currency exchange','currency exchange',13400.0,'RUB',0,'2024-12-16 19:32:00','2025-01-10 13:18:10',NULL,'10',0.0);
INSERT INTO expenses VALUES(11,1,2,'currency exchange','currency exchange',5940.0,'RUB',0,'2024-12-16 19:35:00','2025-01-10 13:18:15',NULL,'11',0.0);
INSERT INTO expenses VALUES(12,1,1,'currency exchange','currency exchange',5000.0,'RUB',0,'2025-01-10 11:33:51','2025-01-10 12:50:55','2025-01-10 12:50:55','12',0.0);
INSERT INTO expenses VALUES(13,1,2,'currency exchange','currency exchange',4600.0,'RUB',0,'2024-12-16 19:40:00','2025-01-10 13:18:23',NULL,'13',0.0);
INSERT INTO expenses VALUES(14,9,2,'currency exchange','currency exchange',158.8509999999999991,'USD',0,'2024-12-16 19:55:00','2025-01-10 13:18:40',NULL,'14',0.0);
INSERT INTO expenses VALUES(15,9,2,'currency exchange','currency exchange',330.6000000000000227,'USD',0,'2024-12-18 23:15:00','2025-01-10 13:18:48',NULL,'15',0.0);
INSERT INTO expenses VALUES(16,1,2,'currency exchange','currency exchange',2500.0,'RUB',0,'2025-01-06 11:55:00','2025-01-10 13:18:57',NULL,'16',0.0);
INSERT INTO expenses VALUES(17,9,1,'currency exchange','currency exchange',23.25600000000000022,'USD',0,'2025-01-06 12:10:00','2025-01-10 13:50:54',NULL,'17',0.0);
INSERT INTO expenses VALUES(18,8,1,'macbook','Macbook',3199.0,'GEL','true','2024-12-23 19:00:00','2025-01-10 13:01:49',NULL,'18',3199.0);
INSERT INTO expenses VALUES(19,1,1,'currency exchange','currency exchange',470.7799999999999728,'RUB',0,'2024-12-02 09:22:00','2025-01-10 13:22:56',NULL,'19',0.0);
INSERT INTO expenses VALUES(20,1,1,'currency exchange','currency exchange',1961.200000000000045,'RUB',0,'2024-12-14 09:23:00','2025-01-10 13:23:57',NULL,'20',0.0);
INSERT INTO expenses VALUES(21,1,1,'currency exchange','currency exchange',2260.469999999999799,'RUB',0,'2024-12-30 09:24:00','2025-01-10 13:25:04',NULL,'21',0.0);
INSERT INTO expenses VALUES(22,1,1,'currency exchange','currency exchange',467.0699999999999932,'RUB',0,'2025-01-04 09:25:00','2025-01-10 13:26:13',NULL,'22',0.0);
INSERT INTO expenses VALUES(23,6,1,'netflix','Netflix',149.990000000000009,'TRY',0,'2024-12-02 09:27:00','2025-01-10 13:28:14',NULL,'23',0.0);
INSERT INTO expenses VALUES(24,6,1,'игры playstation','игры playstation',726.0,'TRY',0,'2024-12-30 09:27:00','2025-01-10 13:29:03',NULL,'24',0.0);
INSERT INTO expenses VALUES(25,6,1,'netflix','Netflix',149.990000000000009,'TRY',0,'2024-12-30 09:27:00','2025-01-10 13:29:28',NULL,'25',0.0);
INSERT INTO expenses VALUES(26,5,1,'аренда батуми','Аренда батуми',200.0,'USD',0,'2024-12-02 09:32:00','2025-01-10 13:32:38',NULL,'26',0.0);
INSERT INTO expenses VALUES(28,8,1,'аренда','Аренда',560.0,'GEL',0,'2024-12-29 09:54:00','2025-01-10 13:56:23',NULL,'27',0.0);
INSERT INTO expenses VALUES(29,8,1,'игра днд','Игра днд',10.0,'GEL',0,'2025-01-04 19:00:00','2025-01-10 13:56:00',NULL,'29',0.0);
INSERT INTO expenses VALUES(30,1,1,'плата за обслуживание','плата за обслуживание',198.0,'RUB',0,'2024-12-02 10:00:00','2025-01-10 14:00:58',NULL,'30',0.0);
INSERT INTO expenses VALUES(31,1,2,'currency exchange','currency exchange',3600.0,'RUB',0,'2024-12-02 10:02:00','2025-01-10 14:02:41',NULL,'31',0.0);
INSERT INTO expenses VALUES(32,1,1,'currency exchange','currency exchange',7846.329999999999928,'RUB',0,'2024-12-15 10:04:00','2025-01-10 14:05:08',NULL,'32',0.0);
INSERT INTO expenses VALUES(33,1,1,'комуналка адыгея','Комуналка адыгея',778.7000000000000454,'RUB',0,'2024-12-29 10:06:00','2025-01-10 14:07:25',NULL,'33',0.0);
INSERT INTO expenses VALUES(34,1,1,'подарок маме на новый год','Подарок маме на новый год',2000.0,'RUB',0,'2024-12-29 10:06:00','2025-01-10 14:07:46',NULL,'34',0.0);
INSERT INTO expenses VALUES(35,1,1,'currency exchange','currency exchange',5000.0,'RUB',0,'2024-12-29 10:07:00','2025-01-10 14:08:17',NULL,'35',0.0);
INSERT INTO expenses VALUES(36,1,1,'currency exchange','currency exchange',5600.0,'RUB',0,'2024-12-31 10:08:00','2025-01-10 14:08:58',NULL,'36',0.0);
INSERT INTO expenses VALUES(37,1,1,'плата за обслуживание тинька','плата за обслуживание тинька',198.0,'RUB',0,'2025-01-02 10:09:00','2025-01-10 14:09:26',NULL,'37',0.0);
INSERT INTO expenses VALUES(38,1,1,'currency exchange','currency exchange',378.0,'RUB',0,'2025-01-02 10:09:00','2025-01-10 14:10:12',NULL,'38',0.0);
INSERT INTO expenses VALUES(39,1,1,'currency exchange','currency exchange',1821.0,'RUB',0,'2025-01-09 10:10:00','2025-01-10 14:10:36',NULL,'39',0.0);
INSERT INTO expenses VALUES(40,4,1,'мобильная связь дв','Мобильная связь ДВ',16.69999999999999929,'GEL',0,'2024-12-03 10:14:00','2025-01-10 14:15:18',NULL,'40',0.0);
INSERT INTO expenses VALUES(41,4,2,'currency exchange','currency exchange',150.0,'GEL',0,'2024-12-04 10:15:00','2025-01-10 14:16:13',NULL,'41',0.0);
INSERT INTO expenses VALUES(42,4,1,'домашний интернет','Домашний интернет',50.0,'GEL',0,'2024-12-04 10:15:00','2025-01-10 14:17:19',NULL,'42',0.0);
INSERT INTO expenses VALUES(43,4,1,'газ','Газ',203.2299999999999898,'GEL',0,'2024-12-04 10:15:00','2025-01-10 14:17:41',NULL,'43',0.0);
INSERT INTO expenses VALUES(44,4,1,'свет','Свет',139.8300000000000125,'GEL',0,'2024-12-04 10:15:00','2025-01-10 14:17:56',NULL,'44',0.0);
INSERT INTO expenses VALUES(45,4,1,'подписка gpt юре','Подписка GPT Юре',201.0699999999999932,'GEL',0,'2024-12-05 10:15:00','2025-01-10 14:24:13','2025-01-10 14:24:13','45',0.0);
INSERT INTO expenses VALUES(46,4,1,'обслуживание карты','Обслуживание карты',0.5,'GEL',0,'2024-12-05 10:15:00','2025-01-10 14:19:48',NULL,'46',0.0);
INSERT INTO expenses VALUES(47,4,1,'currency exchange','currency exchange',201.0699999999999932,'GEL',0,'2024-12-05 10:21:00','2025-01-10 14:22:30',NULL,'47',0.0);
INSERT INTO expenses VALUES(48,12,1,'gpt юра','gpt Юра',20.0,'USD',0,'2024-12-05 10:24:00','2025-01-10 14:24:53',NULL,'48',0.0);
INSERT INTO expenses VALUES(49,12,1,'подписка laravel idea','подписка laravel idea',49.0,'USD',0,'2024-12-05 10:24:00','2025-01-10 14:25:25',NULL,'49',0.0);
INSERT INTO expenses VALUES(50,4,2,'currency exchange','currency exchange',50.0,'GEL',0,'2024-12-05 10:25:00','2025-01-10 14:26:07',NULL,'50',0.0);
INSERT INTO expenses VALUES(51,4,1,'обслуживание счета','Обслуживание счета',1.5,'GEL',0,'2024-12-06 10:24:00','2025-01-10 14:27:05',NULL,'51',0.0);
INSERT INTO expenses VALUES(52,4,1,'currency exchange','currency exchange',22.26000000000000157,'GEL',0,'2024-12-09 10:27:00','2025-01-10 14:27:53',NULL,'52',0.0);
INSERT INTO expenses VALUES(53,12,1,'dnd','dnd',7.780000000000000248,'USD',0,'2024-12-09 10:24:00','2025-01-10 14:28:26',NULL,'53',0.0);
INSERT INTO expenses VALUES(54,4,2,'currency exchange','currency exchange',250.0,'GEL',0,'2024-12-09 10:28:00','2025-01-10 14:29:05',NULL,'54',0.0);
INSERT INTO expenses VALUES(55,4,1,'мобильная связь катя','Мобильная связь Катя',8.0,'GEL',0,'2024-12-12 10:24:00','2025-01-10 14:30:19',NULL,'55',0.0);
INSERT INTO expenses VALUES(56,4,1,'обслуживание аккаунта','обслуживание аккаунта',0.5,'GEL',0,'2024-12-12 10:24:00','2025-01-10 14:30:55',NULL,'56',0.0);
INSERT INTO expenses VALUES(57,4,2,'currency exchange','currency exchange',50.0,'GEL',0,'2024-12-16 10:31:00','2025-01-10 14:31:24',NULL,'57',0.0);
INSERT INTO expenses VALUES(58,4,1,'мобильная связь дв','Мобильная связь ДВ',2.0,'GEL',0,'2024-12-16 10:24:00','2025-01-10 14:32:04',NULL,'58',0.0);
INSERT INTO expenses VALUES(59,4,1,'страховка дв','Страховка ДВ',61.0,'GEL',0,'2024-12-17 10:24:00','2025-01-10 14:32:30',NULL,'59',0.0);
INSERT INTO expenses VALUES(60,4,1,'страховка катя + алиса','Страховка Катя + Алиса',90.0,'GEL',0,'2024-12-19 10:24:00','2025-01-10 14:33:05',NULL,'60',0.0);
INSERT INTO expenses VALUES(61,4,2,'currency exchange','currency exchange',600.0,'GEL',0,'2024-12-20 10:31:00','2025-01-10 14:33:43',NULL,'61',0.0);
INSERT INTO expenses VALUES(62,4,1,'currency exchange','currency exchange',287.6399999999999864,'GEL',0,'2024-12-23 10:34:00','2025-01-10 14:34:45',NULL,'62',0.0);
INSERT INTO expenses VALUES(63,12,1,'подписка ai assistant phpstorm','подписка AI assistant phpstorm',100.0,'USD',0,'2024-12-23 10:24:00','2025-01-10 14:35:57',NULL,'63',0.0);
INSERT INTO expenses VALUES(64,4,1,'мобильная связь дв','Мобильная связь ДВ',9.0,'GEL',0,'2024-12-25 10:24:00','2025-01-10 14:37:07',NULL,'64',0.0);
INSERT INTO expenses VALUES(65,4,1,'мобильная связь дв','Мобильная связь ДВ',16.69999999999999929,'GEL',0,'2025-01-03 10:24:00','2025-01-10 14:37:40',NULL,'65',0.0);
INSERT INTO expenses VALUES(66,8,2,'currency exchange','currency exchange',10.0,'GEL',0,'2025-01-06 10:38:00','2025-01-10 14:38:30',NULL,'66',0.0);
INSERT INTO expenses VALUES(67,8,1,'currency exchange','currency exchange',540.0,'GEL',0,'2025-01-08 10:38:00','2025-01-10 14:39:25',NULL,'67',0.0);
INSERT INTO expenses VALUES(68,4,1,'обслуживание счёта','Обслуживание счёта',1.5,'GEL',0,'2025-01-08 10:24:00','2025-01-10 14:40:18',NULL,'68',0.0);
INSERT INTO expenses VALUES(69,4,1,'мобильная связь катя','Мобильная связь Катя',8.0,'GEL',0,'2025-01-08 10:24:00','2025-01-10 14:40:34',NULL,'69',0.0);
INSERT INTO expenses VALUES(70,4,1,'currency exchange','currency exchange',57.9200000000000017,'GEL',0,'2025-01-10 10:41:18','2025-01-10 14:41:39',NULL,'70',0.0);
INSERT INTO expenses VALUES(71,12,1,'gpt юра','gpt Юра',20.0,'USD',0,'2025-01-10 10:41:44','2025-01-10 14:42:03',NULL,'71',0.0);
INSERT INTO expenses VALUES(72,4,1,'такси','такси',2.0,'GEL',0,'2024-12-04 11:19:00','2025-01-10 15:20:58',NULL,'72',0.0);
INSERT INTO expenses VALUES(73,4,1,'такси','такси',2.700000000000000177,'GEL',0,'2024-12-04 11:19:00','2025-01-10 15:21:28',NULL,'73',0.0);
INSERT INTO expenses VALUES(74,4,1,'такси','такси',2.0,'GEL',0,'2024-12-04 11:19:00','2025-01-10 15:21:43',NULL,'74',0.0);
INSERT INTO expenses VALUES(75,4,1,'такси','такси',3.100000000000000088,'GEL',0,'2024-12-05 11:19:00','2025-01-10 15:22:10',NULL,'75',0.0);
INSERT INTO expenses VALUES(76,4,1,'такси','такси',2.700000000000000177,'GEL',0,'2024-12-06 11:19:00','2025-01-10 15:22:42',NULL,'76',0.0);
INSERT INTO expenses VALUES(77,4,1,'такси','такси',3.200000000000000177,'GEL',0,'2024-12-09 11:19:00','2025-01-10 15:23:16',NULL,'77',0.0);
INSERT INTO expenses VALUES(78,4,1,'такси','такси',2.200000000000000178,'GEL',0,'2024-12-10 11:19:00','2025-01-10 15:23:35',NULL,'78',0.0);
INSERT INTO expenses VALUES(79,4,1,'такси','такси',1.5,'GEL',0,'2024-12-11 11:19:00','2025-01-10 15:23:57',NULL,'79',0.0);
INSERT INTO expenses VALUES(80,4,1,'такси','такси',2.0,'GEL',0,'2024-12-11 11:19:00','2025-01-10 15:24:07',NULL,'80',0.0);
INSERT INTO expenses VALUES(81,4,1,'такси','такси',2.200000000000000178,'GEL',0,'2024-12-12 11:19:00','2025-01-10 15:24:34',NULL,'81',0.0);
INSERT INTO expenses VALUES(82,4,1,'такси','такси',2.700000000000000177,'GEL',0,'2024-12-12 11:19:00','2025-01-10 15:25:00',NULL,'82',0.0);
INSERT INTO expenses VALUES(83,4,1,'такси','такси',1.300000000000000044,'GEL',0,'2024-12-16 11:19:00','2025-01-10 15:25:33',NULL,'83',0.0);
INSERT INTO expenses VALUES(84,4,1,'такси','такси',3.399999999999999912,'GEL',0,'2024-12-18 11:19:00','2025-01-10 15:26:13',NULL,'84',0.0);
INSERT INTO expenses VALUES(85,4,1,'такси','такси',2.5,'GEL',0,'2024-12-18 11:19:00','2025-01-10 15:26:31',NULL,'85',0.0);
INSERT INTO expenses VALUES(86,4,1,'такси','такси',1.5,'GEL',0,'2024-12-20 11:19:00','2025-01-10 15:26:55',NULL,'86',0.0);
INSERT INTO expenses VALUES(87,4,1,'такси','такси',1.399999999999999912,'GEL',0,'2024-12-20 11:19:00','2025-01-10 15:27:06',NULL,'87',0.0);
INSERT INTO expenses VALUES(88,4,1,'такси','такси',2.200000000000000178,'GEL',0,'2024-12-21 11:19:00','2025-01-10 15:27:31',NULL,'88',0.0);
INSERT INTO expenses VALUES(89,4,1,'такси','такси',1.399999999999999912,'GEL',0,'2024-12-21 11:19:00','2025-01-10 15:27:44',NULL,'89',0.0);
INSERT INTO expenses VALUES(90,4,1,'такси','такси',2.200000000000000178,'GEL',0,'2024-12-24 11:19:00','2025-01-10 15:28:25',NULL,'90',0.0);
INSERT INTO expenses VALUES(91,4,1,'такси','такси',2.799999999999999823,'GEL',0,'2024-12-24 11:19:00','2025-01-10 15:28:43',NULL,'91',0.0);
INSERT INTO expenses VALUES(92,4,1,'такси','такси',2.899999999999999912,'GEL',0,'2024-12-25 11:19:00','2025-01-10 15:29:08',NULL,'92',0.0);
INSERT INTO expenses VALUES(93,4,1,'такси','такси',8.800000000000000711,'GEL',0,'2024-12-25 11:19:00','2025-01-10 15:29:40',NULL,'93',0.0);
INSERT INTO expenses VALUES(94,4,1,'такси','такси',2.200000000000000178,'GEL',0,'2024-12-27 11:19:00','2025-01-10 15:29:59',NULL,'94',0.0);
INSERT INTO expenses VALUES(95,4,1,'такси','такси',3.0,'GEL',0,'2024-12-27 11:19:00','2025-01-10 15:30:10',NULL,'95',0.0);
INSERT INTO expenses VALUES(96,4,1,'такси','такси',2.799999999999999823,'GEL',0,'2024-12-30 11:19:00','2025-01-10 15:30:33',NULL,'96',0.0);
INSERT INTO expenses VALUES(97,4,1,'такси','такси',2.899999999999999912,'GEL',0,'2024-12-31 11:19:00','2025-01-10 15:30:53',NULL,'97',0.0);
INSERT INTO expenses VALUES(98,4,1,'такси','такси',2.200000000000000178,'GEL',0,'2024-12-31 11:19:00','2025-01-10 15:31:08',NULL,'98',0.0);
INSERT INTO expenses VALUES(99,4,1,'такси','такси',2.700000000000000177,'GEL',0,'2024-12-31 11:19:00','2025-01-10 15:31:19',NULL,'99',0.0);
INSERT INTO expenses VALUES(100,4,1,'такси','такси',2.799999999999999823,'GEL',0,'2025-01-03 11:19:00','2025-01-10 15:31:43',NULL,'100',0.0);
INSERT INTO expenses VALUES(101,4,1,'такси','такси',1.899999999999999912,'GEL',0,'2025-01-04 11:19:00','2025-01-10 15:31:56',NULL,'101',0.0);
INSERT INTO expenses VALUES(102,4,1,'такси','такси',8.699999999999999289,'GEL',0,'2025-01-06 11:19:00','2025-01-10 15:32:27',NULL,'102',0.0);
INSERT INTO expenses VALUES(103,4,1,'такси','такси',2.100000000000000088,'GEL',0,'2025-01-06 11:19:00','2025-01-10 15:32:46',NULL,'103',0.0);
INSERT INTO expenses VALUES(104,4,1,'такси','такси',2.899999999999999912,'GEL',0,'2025-01-08 11:19:00','2025-01-10 15:33:08',NULL,'104',0.0);
INSERT INTO expenses VALUES(105,4,1,'такси','такси',1.5,'GEL',0,'2025-01-08 11:19:00','2025-01-10 15:33:23',NULL,'105',0.0);
INSERT INTO expenses VALUES(106,4,1,'покупка карфур','Покупка карфур',11.94999999999999929,'GEL','true','2024-12-02 11:19:00','2025-01-10 15:34:45',NULL,'106',0.0);
INSERT INTO expenses VALUES(107,2,1,'покупка мзиа','покупка мзиа',3.5,'RUB','true','2024-12-02 11:35:00','2025-01-10 15:36:30',NULL,'107',0.0);
INSERT INTO expenses VALUES(108,2,1,'покупка назилбе','покупка назилбе',1.75,'RUB','true','2024-12-02 11:35:00','2025-01-10 15:37:03',NULL,'108',0.0);
INSERT INTO expenses VALUES(109,2,1,'покупка никора','покупка никора',2.350000000000000088,'RUB','true','2024-12-02 11:35:00','2025-01-10 15:37:28',NULL,'109',0.0);
INSERT INTO expenses VALUES(110,2,1,'оплата доставки стрелиция','Оплата доставки стрелиция',50.0,'RUB','false','2024-12-06 11:35:00','2025-01-10 15:38:23',NULL,'110',0.0);
INSERT INTO expenses VALUES(111,2,1,'покупка бт','покупка бт',3.950000000000000177,'RUB','true','2024-12-06 11:35:00','2025-01-10 15:38:56',NULL,'111',0.0);
INSERT INTO expenses VALUES(112,2,1,'покупка карфур','покупка карфур',19.62000000000000099,'RUB','true','2024-12-09 11:35:00','2025-01-10 15:39:31',NULL,'112',0.0);
INSERT INTO expenses VALUES(113,2,1,'покупка vz','покупка vz',7.0,'RUB','true','2024-12-11 11:35:00','2025-01-10 15:40:27',NULL,'113',0.0);
INSERT INTO expenses VALUES(114,2,1,'покупка карфур','покупка карфур',6.44000000000000039,'RUB','true','2024-12-12 11:35:00','2025-01-10 15:40:59',NULL,'114',0.0);
INSERT INTO expenses VALUES(115,2,1,'покупка назилбе','покупка назилбе',8.599999999999999645,'RUB','true','2024-12-12 11:35:00','2025-01-10 15:41:22',NULL,'115',0.0);
INSERT INTO expenses VALUES(116,2,1,'доставка стрелиция','Доставка стрелиция',31.0,'RUB','false','2024-12-13 11:35:00','2025-01-10 15:41:49',NULL,'116',0.0);
INSERT INTO expenses VALUES(117,2,1,'покупка назилбе','покупка назилбе',33.85999999999999944,'RUB','true','2024-12-18 11:35:00','2025-01-10 15:42:51',NULL,'117',0.0);
INSERT INTO expenses VALUES(118,2,1,'покупка анри','покупка анри',8.300000000000000711,'RUB','true','2024-12-18 11:35:00','2025-01-10 15:43:22',NULL,'118',0.0);
INSERT INTO expenses VALUES(119,2,1,'покупка карфур','покупка карфур',0.5400000000000000355,'RUB','true','2024-12-21 11:35:00','2025-01-10 15:43:54',NULL,'119',0.0);
INSERT INTO expenses VALUES(120,2,1,'покупка бт','покупка бт',15.09999999999999965,'RUB','true','2024-12-23 11:35:00','2025-01-10 15:44:16',NULL,'120',0.0);
INSERT INTO expenses VALUES(121,2,1,'покупка бт','покупка бт',20.35000000000000143,'RUB','true','2024-12-23 11:35:00','2025-01-10 15:44:52',NULL,'121',0.0);
INSERT INTO expenses VALUES(122,2,1,'покупка карфур','покупка карфур',4.589999999999999858,'RUB','true','2024-12-23 11:35:00','2025-01-10 15:45:15',NULL,'122',0.0);
INSERT INTO expenses VALUES(123,2,1,'покупка глюкоза','покупка глюкоза',23.5,'RUB','true','2024-12-23 11:35:00','2025-01-10 15:45:43',NULL,'123',0.0);
INSERT INTO expenses VALUES(124,2,1,'покупка бт','покупка бт',5.950000000000000177,'RUB','true','2024-12-24 11:35:00','2025-01-10 15:46:07',NULL,'124',0.0);
INSERT INTO expenses VALUES(125,2,1,'покупка фэшн бэби','покупка фэшн бэби',10.0,'RUB','true','2024-12-24 11:35:00','2025-01-10 15:46:32',NULL,'125',0.0);
INSERT INTO expenses VALUES(126,2,1,'покупка назилбе','покупка назилбе',-0.2000000000000000111,'RUB','true','2024-12-26 11:35:00','2025-01-10 15:47:01',NULL,'126',0.0);
INSERT INTO expenses VALUES(127,2,1,'покупка назилбе','покупка назилбе',36.60999999999999944,'RUB','true','2024-12-31 11:35:00','2025-01-10 15:47:28',NULL,'127',0.0);
INSERT INTO expenses VALUES(128,2,1,'покупка карфур','покупка карфур',21.51999999999999958,'RUB','true','2024-12-31 11:35:00','2025-01-10 15:47:45',NULL,'128',0.0);
INSERT INTO expenses VALUES(129,2,1,'покупка карфур','покупка карфур',4.94000000000000039,'RUB','true','2025-01-06 11:35:00','2025-01-10 15:48:20',NULL,'129',0.0);
INSERT INTO expenses VALUES(130,4,1,'газ','газ',237.3899999999999864,'GEL',0,'2025-01-10 11:50:55','2025-01-10 15:51:31',NULL,'130',0.0);
INSERT INTO expenses VALUES(131,4,1,'свет','Свет',144.4699999999999989,'GEL',0,'2025-01-10 11:50:55','2025-01-10 15:51:47',NULL,'131',0.0);
INSERT INTO expenses VALUES(132,8,1,'маршрутка','Маршрутка',0.6999999999999999556,'GEL',0,'2024-12-31 12:15:00','2025-01-10 16:16:01',NULL,'132',0.0);
INSERT INTO expenses VALUES(133,8,1,'транспортная карта','Транспортная карта',5.5,'GEL',0,'2024-12-31 12:15:00','2025-01-10 16:16:23',NULL,'133',0.0);
INSERT INTO expenses VALUES(134,8,1,'транспортная карта','транспортная карта',5.0,'GEL',0,'2024-12-31 12:15:00','2025-01-10 16:16:37',NULL,'134',0.0);
INSERT INTO expenses VALUES(135,8,1,'транспортная карта','транспортная карта',3.0,'GEL',0,'2025-01-03 12:15:00','2025-01-10 16:17:07',NULL,'135',0.0);
INSERT INTO expenses VALUES(136,4,1,'подгон остатков','Подгон остатков',360.0199999999999819,'GEL',0,'2025-01-10 12:23:33','2025-01-10 16:24:45',NULL,'136',0.0);
CREATE TABLE IF NOT EXISTS "categories" ("id" integer primary key autoincrement not null, "title" varchar not null, "normalized_title" varchar not null default '', "parent_id" integer not null default '0', "usage_count" integer not null default '0', "created_at" datetime, "updated_at" datetime, "deleted_at" datetime);
INSERT INTO categories VALUES(1,'Переводы','переводы',0,0,'2025-01-10 01:43:10','2025-01-10 01:43:10',NULL);
INSERT INTO categories VALUES(2,'Еда','еда',0,0,'2024-11-27 11:47:31','2024-11-27 11:47:31',NULL);
INSERT INTO categories VALUES(3,'Жилье','жилье',0,0,'2024-11-27 11:47:31','2024-11-27 11:47:31',NULL);
INSERT INTO categories VALUES(4,'Транспорт','транспорт',0,0,'2024-11-27 11:47:31','2024-11-27 11:47:31',NULL);
INSERT INTO categories VALUES(5,'Комунальные платежи','комунальные платежи',0,0,'2024-11-27 11:47:31','2024-11-27 11:47:31',NULL);
INSERT INTO categories VALUES(6,'Страховка','страховка',0,0,'2024-11-27 11:47:31','2024-11-27 11:47:31',NULL);
INSERT INTO categories VALUES(7,'Здоровье','здоровье',0,0,'2024-11-27 11:47:31','2024-11-27 11:47:31',NULL);
INSERT INTO categories VALUES(8,'Сбережения и инвестиции','сбережения и инвестиции',0,0,'2024-11-27 11:47:31','2024-11-27 11:47:31',NULL);
INSERT INTO categories VALUES(9,'Образование','образование',0,0,'2024-11-27 11:47:31','2024-11-27 11:47:31',NULL);
INSERT INTO categories VALUES(10,'Личные расходы','личные расходы',0,0,'2024-11-27 11:47:31','2024-11-27 11:47:31',NULL);
INSERT INTO categories VALUES(11,'Развлечения','развлечения',0,1,'2024-11-27 11:47:31','2024-11-30 18:54:14',NULL);
INSERT INTO categories VALUES(12,'Подарки','подарки',0,2,'2024-11-27 11:47:31','2024-12-02 12:56:30',NULL);
INSERT INTO categories VALUES(13,'Оплата долгов','оплата долгов',0,0,'2024-11-27 11:47:31','2024-11-27 11:47:31',NULL);
INSERT INTO categories VALUES(14,'Разное','разное',0,2,'2024-11-27 11:47:31','2024-12-02 12:51:49',NULL);
INSERT INTO categories VALUES(15,'Продукты','продукты',1,18,'2024-11-27 11:47:31','2024-11-30 18:53:52',NULL);
INSERT INTO categories VALUES(16,'Кафе и рестораны','кафе и рестораны',1,0,'2024-11-27 11:47:31','2024-11-27 11:47:31',NULL);
INSERT INTO categories VALUES(17,'Напитки и снеки','напитки и снеки',1,0,'2024-11-27 11:47:31','2024-11-27 11:47:31',NULL);
INSERT INTO categories VALUES(18,'Аренда','аренда',2,1,'2024-11-27 11:47:31','2024-12-02 12:57:51',NULL);
INSERT INTO categories VALUES(19,'Ипотека','ипотека',2,1,'2024-11-27 11:47:31','2024-12-02 12:46:16',NULL);
INSERT INTO categories VALUES(20,'Страхование жилья','страхование жилья',2,0,'2024-11-27 11:47:31','2024-11-27 11:47:31',NULL);
INSERT INTO categories VALUES(21,'Комунальные платежи','комунальные платежи',2,0,'2024-11-27 11:47:31','2024-11-27 11:47:31',NULL);
INSERT INTO categories VALUES(22,'Ремонт','ремонт',2,0,'2024-11-27 11:47:31','2024-11-27 11:47:31',NULL);
INSERT INTO categories VALUES(23,'Покупка мебели/техники','покупка мебели/техники',2,0,'2024-11-27 11:47:31','2024-11-27 11:47:31',NULL);
INSERT INTO categories VALUES(24,'Публичный транспорт','публичный транспорт',3,0,'2024-11-27 11:47:31','2024-11-27 11:47:31',NULL);
INSERT INTO categories VALUES(25,'Такси','такси',3,2,'2024-11-27 11:47:31','2024-11-30 18:53:19',NULL);
INSERT INTO categories VALUES(26,'Бензин','бензин',3,0,'2024-11-27 11:47:31','2024-11-27 11:47:31',NULL);
INSERT INTO categories VALUES(27,'Автостраховка','автостраховка',3,0,'2024-11-27 11:47:31','2024-11-27 11:47:31',NULL);
INSERT INTO categories VALUES(28,'Аренда машины','аренда машины',3,0,'2024-11-27 11:47:31','2024-11-27 11:47:31',NULL);
INSERT INTO categories VALUES(29,'Ремонт и обслуживание машины','ремонт и обслуживание машины',3,0,'2024-11-27 11:47:31','2024-11-27 11:47:31',NULL);
INSERT INTO categories VALUES(30,'Билеты на самолёт/поезд','билеты на самолёт/поезд',3,0,'2024-11-27 11:47:31','2024-11-27 11:47:31',NULL);
INSERT INTO categories VALUES(31,'Электричество','электричество',4,0,'2024-11-27 11:47:31','2024-11-27 11:47:31',NULL);
INSERT INTO categories VALUES(32,'Вода','вода',4,0,'2024-11-27 11:47:31','2024-11-27 11:47:31',NULL);
INSERT INTO categories VALUES(33,'Газ','газ',4,0,'2024-11-27 11:47:31','2024-11-27 11:47:31',NULL);
INSERT INTO categories VALUES(34,'Интернет','интернет',4,0,'2024-11-27 11:47:31','2024-11-27 11:47:31',NULL);
INSERT INTO categories VALUES(35,'Мобильная связь','мобильная связь',4,0,'2024-11-27 11:47:31','2024-11-27 11:47:31',NULL);
INSERT INTO categories VALUES(36,'Вывоз мусора','вывоз мусора',4,0,'2024-11-27 11:47:31','2024-11-27 11:47:31',NULL);
INSERT INTO categories VALUES(37,'Медицинская страховка','медицинская страховка',5,0,'2024-11-27 11:47:31','2024-11-27 11:47:31',NULL);
INSERT INTO categories VALUES(38,'Страхование жизни','страхование жизни',5,0,'2024-11-27 11:47:31','2024-11-27 11:47:31',NULL);
INSERT INTO categories VALUES(39,'Автострахование','автострахование',5,0,'2024-11-27 11:47:31','2024-11-27 11:47:31',NULL);
INSERT INTO categories VALUES(40,'Страхование недвижимости','страхование недвижимости',5,0,'2024-11-27 11:47:31','2024-11-27 11:47:31',NULL);
INSERT INTO categories VALUES(41,'Походы к врачу','походы к врачу',6,0,'2024-11-27 11:47:31','2024-11-27 11:47:31',NULL);
INSERT INTO categories VALUES(42,'Стоматология','стоматология',6,0,'2024-11-27 11:47:31','2024-11-27 11:47:31',NULL);
INSERT INTO categories VALUES(43,'Лекарства','лекарства',6,0,'2024-11-27 11:47:31','2024-11-27 11:47:31',NULL);
INSERT INTO categories VALUES(44,'Финасовая подушка','финасовая подушка',7,0,'2024-11-27 11:47:31','2024-11-27 11:47:31',NULL);
INSERT INTO categories VALUES(45,'Пенсионный счёт','пенсионный счёт',7,0,'2024-11-27 11:47:31','2024-11-27 11:47:31',NULL);
INSERT INTO categories VALUES(46,'Накопления','накопления',7,0,'2024-11-27 11:47:31','2024-11-27 11:47:31',NULL);
INSERT INTO categories VALUES(47,'Инвестиции','инвестиции',7,0,'2024-11-27 11:47:31','2024-11-27 11:47:31',NULL);
INSERT INTO categories VALUES(48,'Репетиторы','репетиторы',8,0,'2024-11-27 11:47:31','2024-11-27 11:47:31',NULL);
INSERT INTO categories VALUES(49,'Книги и материалы','книги и материалы',8,0,'2024-11-27 11:47:31','2024-11-27 11:47:31',NULL);
INSERT INTO categories VALUES(50,'Оплата обучения/курсов','оплата обучения/курсов',8,0,'2024-11-27 11:47:31','2024-11-27 11:47:31',NULL);
INSERT INTO categories VALUES(51,'Кредит на учёбу','кредит на учёбу',8,0,'2024-11-27 11:47:31','2024-11-27 11:47:31',NULL);
INSERT INTO categories VALUES(52,'Забота о себе','забота о себе',9,0,'2024-11-27 11:47:31','2024-11-27 11:47:31',NULL);
INSERT INTO categories VALUES(53,'Одежда','одежда',9,0,'2024-11-27 11:47:31','2024-11-27 11:47:31',NULL);
INSERT INTO categories VALUES(54,'Абонемент в спортзал','абонемент в спортзал',9,0,'2024-11-27 11:47:31','2024-11-27 11:47:31',NULL);
INSERT INTO categories VALUES(55,'Подписки','подписки',9,0,'2024-11-27 11:47:31','2024-11-27 11:47:31',NULL);
INSERT INTO categories VALUES(56,'Кино/Театр','кино/театр',10,0,'2024-11-27 11:47:31','2024-11-27 11:47:31',NULL);
INSERT INTO categories VALUES(57,'Спортивные события','спортивные события',10,0,'2024-11-27 11:47:31','2024-11-27 11:47:31',NULL);
INSERT INTO categories VALUES(58,'Хобби','хобби',10,0,'2024-11-27 11:47:31','2024-11-27 11:47:31',NULL);
INSERT INTO categories VALUES(59,'Отпуск/путешествия','отпуск/путешествия',10,0,'2024-11-27 11:47:31','2024-11-27 11:47:31',NULL);
INSERT INTO categories VALUES(60,'Подарки','подарки',11,0,'2024-11-27 11:47:31','2024-11-27 11:47:31',NULL);
INSERT INTO categories VALUES(61,'Празднование','празднование',11,0,'2024-11-27 11:47:31','2024-11-27 11:47:31',NULL);
INSERT INTO categories VALUES(62,'Ипотека','ипотека',12,0,'2024-11-27 11:47:31','2024-11-27 11:47:31',NULL);
INSERT INTO categories VALUES(63,'Личный долг','личный долг',12,0,'2024-11-27 11:47:31','2024-11-27 11:47:31',NULL);
INSERT INTO categories VALUES(64,'Непридвиденные расходы','непридвиденные расходы',13,0,'2024-11-27 11:47:31','2024-11-27 11:47:31',NULL);
CREATE TABLE IF NOT EXISTS "category_expense" ("id" integer primary key autoincrement not null, "category_id" integer not null, "expense_id" integer not null, "created_at" datetime, "updated_at" datetime, foreign key("category_id") references "categories"("id") on delete cascade, foreign key("expense_id") references "expenses"("id") on delete cascade);
INSERT INTO category_expense VALUES(1,1,1,NULL,NULL);
INSERT INTO category_expense VALUES(2,1,2,NULL,NULL);
INSERT INTO category_expense VALUES(3,1,3,NULL,NULL);
INSERT INTO category_expense VALUES(4,1,4,NULL,NULL);
INSERT INTO category_expense VALUES(5,1,5,NULL,NULL);
INSERT INTO category_expense VALUES(6,1,6,NULL,NULL);
INSERT INTO category_expense VALUES(7,1,7,NULL,NULL);
INSERT INTO category_expense VALUES(8,1,8,NULL,NULL);
INSERT INTO category_expense VALUES(9,1,9,NULL,NULL);
INSERT INTO category_expense VALUES(10,1,10,NULL,NULL);
INSERT INTO category_expense VALUES(11,1,11,NULL,NULL);
INSERT INTO category_expense VALUES(12,1,12,NULL,NULL);
INSERT INTO category_expense VALUES(13,1,13,NULL,NULL);
INSERT INTO category_expense VALUES(14,1,14,NULL,NULL);
INSERT INTO category_expense VALUES(15,1,15,NULL,NULL);
INSERT INTO category_expense VALUES(16,1,16,NULL,NULL);
INSERT INTO category_expense VALUES(17,1,17,NULL,NULL);
INSERT INTO category_expense VALUES(18,23,18,NULL,NULL);
INSERT INTO category_expense VALUES(19,1,19,NULL,NULL);
INSERT INTO category_expense VALUES(20,1,20,NULL,NULL);
INSERT INTO category_expense VALUES(21,1,21,NULL,NULL);
INSERT INTO category_expense VALUES(22,1,22,NULL,NULL);
INSERT INTO category_expense VALUES(23,55,23,NULL,NULL);
INSERT INTO category_expense VALUES(24,11,24,NULL,NULL);
INSERT INTO category_expense VALUES(25,55,25,NULL,NULL);
INSERT INTO category_expense VALUES(26,18,26,NULL,NULL);
INSERT INTO category_expense VALUES(27,1,27,NULL,NULL);
INSERT INTO category_expense VALUES(28,18,28,NULL,NULL);
INSERT INTO category_expense VALUES(29,11,29,NULL,NULL);
INSERT INTO category_expense VALUES(30,14,30,NULL,NULL);
INSERT INTO category_expense VALUES(31,1,31,NULL,NULL);
INSERT INTO category_expense VALUES(32,1,32,NULL,NULL);
INSERT INTO category_expense VALUES(33,5,33,NULL,NULL);
INSERT INTO category_expense VALUES(34,12,34,NULL,NULL);
INSERT INTO category_expense VALUES(35,1,35,NULL,NULL);
INSERT INTO category_expense VALUES(36,1,36,NULL,NULL);
INSERT INTO category_expense VALUES(37,14,37,NULL,NULL);
INSERT INTO category_expense VALUES(38,1,38,NULL,NULL);
INSERT INTO category_expense VALUES(39,1,39,NULL,NULL);
INSERT INTO category_expense VALUES(40,35,40,NULL,NULL);
INSERT INTO category_expense VALUES(41,1,41,NULL,NULL);
INSERT INTO category_expense VALUES(42,34,42,NULL,NULL);
INSERT INTO category_expense VALUES(43,5,43,NULL,NULL);
INSERT INTO category_expense VALUES(44,5,44,NULL,NULL);
INSERT INTO category_expense VALUES(45,55,45,NULL,NULL);
INSERT INTO category_expense VALUES(46,55,46,NULL,NULL);
INSERT INTO category_expense VALUES(47,1,47,NULL,NULL);
INSERT INTO category_expense VALUES(48,55,48,NULL,NULL);
INSERT INTO category_expense VALUES(49,55,49,NULL,NULL);
INSERT INTO category_expense VALUES(50,1,50,NULL,NULL);
INSERT INTO category_expense VALUES(51,55,51,NULL,NULL);
INSERT INTO category_expense VALUES(52,1,52,NULL,NULL);
INSERT INTO category_expense VALUES(53,11,53,NULL,NULL);
INSERT INTO category_expense VALUES(54,1,54,NULL,NULL);
INSERT INTO category_expense VALUES(55,35,55,NULL,NULL);
INSERT INTO category_expense VALUES(56,14,56,NULL,NULL);
INSERT INTO category_expense VALUES(57,1,57,NULL,NULL);
INSERT INTO category_expense VALUES(58,35,58,NULL,NULL);
INSERT INTO category_expense VALUES(59,37,59,NULL,NULL);
INSERT INTO category_expense VALUES(60,37,60,NULL,NULL);
INSERT INTO category_expense VALUES(61,1,61,NULL,NULL);
INSERT INTO category_expense VALUES(62,1,62,NULL,NULL);
INSERT INTO category_expense VALUES(63,55,63,NULL,NULL);
INSERT INTO category_expense VALUES(64,35,64,NULL,NULL);
INSERT INTO category_expense VALUES(65,35,65,NULL,NULL);
INSERT INTO category_expense VALUES(66,1,66,NULL,NULL);
INSERT INTO category_expense VALUES(67,1,67,NULL,NULL);
INSERT INTO category_expense VALUES(68,14,68,NULL,NULL);
INSERT INTO category_expense VALUES(69,35,69,NULL,NULL);
INSERT INTO category_expense VALUES(70,1,70,NULL,NULL);
INSERT INTO category_expense VALUES(71,55,71,NULL,NULL);
INSERT INTO category_expense VALUES(72,25,72,NULL,NULL);
INSERT INTO category_expense VALUES(73,25,73,NULL,NULL);
INSERT INTO category_expense VALUES(74,25,74,NULL,NULL);
INSERT INTO category_expense VALUES(75,25,75,NULL,NULL);
INSERT INTO category_expense VALUES(76,25,76,NULL,NULL);
INSERT INTO category_expense VALUES(77,25,77,NULL,NULL);
INSERT INTO category_expense VALUES(78,25,78,NULL,NULL);
INSERT INTO category_expense VALUES(79,25,79,NULL,NULL);
INSERT INTO category_expense VALUES(80,25,80,NULL,NULL);
INSERT INTO category_expense VALUES(81,25,81,NULL,NULL);
INSERT INTO category_expense VALUES(82,25,82,NULL,NULL);
INSERT INTO category_expense VALUES(83,25,83,NULL,NULL);
INSERT INTO category_expense VALUES(84,25,84,NULL,NULL);
INSERT INTO category_expense VALUES(85,25,85,NULL,NULL);
INSERT INTO category_expense VALUES(86,25,86,NULL,NULL);
INSERT INTO category_expense VALUES(87,25,87,NULL,NULL);
INSERT INTO category_expense VALUES(88,25,88,NULL,NULL);
INSERT INTO category_expense VALUES(89,25,89,NULL,NULL);
INSERT INTO category_expense VALUES(90,25,90,NULL,NULL);
INSERT INTO category_expense VALUES(91,25,91,NULL,NULL);
INSERT INTO category_expense VALUES(92,25,92,NULL,NULL);
INSERT INTO category_expense VALUES(93,25,93,NULL,NULL);
INSERT INTO category_expense VALUES(94,25,94,NULL,NULL);
INSERT INTO category_expense VALUES(95,25,95,NULL,NULL);
INSERT INTO category_expense VALUES(96,25,96,NULL,NULL);
INSERT INTO category_expense VALUES(97,25,97,NULL,NULL);
INSERT INTO category_expense VALUES(98,25,98,NULL,NULL);
INSERT INTO category_expense VALUES(99,25,99,NULL,NULL);
INSERT INTO category_expense VALUES(100,25,100,NULL,NULL);
INSERT INTO category_expense VALUES(101,25,101,NULL,NULL);
INSERT INTO category_expense VALUES(102,25,102,NULL,NULL);
INSERT INTO category_expense VALUES(103,25,103,NULL,NULL);
INSERT INTO category_expense VALUES(104,25,104,NULL,NULL);
INSERT INTO category_expense VALUES(105,25,105,NULL,NULL);
INSERT INTO category_expense VALUES(106,15,106,NULL,NULL);
INSERT INTO category_expense VALUES(107,15,107,NULL,NULL);
INSERT INTO category_expense VALUES(108,15,108,NULL,NULL);
INSERT INTO category_expense VALUES(109,15,109,NULL,NULL);
INSERT INTO category_expense VALUES(110,14,110,NULL,NULL);
INSERT INTO category_expense VALUES(111,15,111,NULL,NULL);
INSERT INTO category_expense VALUES(112,15,112,NULL,NULL);
INSERT INTO category_expense VALUES(113,15,113,NULL,NULL);
INSERT INTO category_expense VALUES(114,15,114,NULL,NULL);
INSERT INTO category_expense VALUES(115,15,115,NULL,NULL);
INSERT INTO category_expense VALUES(116,14,116,NULL,NULL);
INSERT INTO category_expense VALUES(117,15,117,NULL,NULL);
INSERT INTO category_expense VALUES(118,15,118,NULL,NULL);
INSERT INTO category_expense VALUES(119,15,119,NULL,NULL);
INSERT INTO category_expense VALUES(120,15,120,NULL,NULL);
INSERT INTO category_expense VALUES(121,15,121,NULL,NULL);
INSERT INTO category_expense VALUES(122,15,122,NULL,NULL);
INSERT INTO category_expense VALUES(123,15,123,NULL,NULL);
INSERT INTO category_expense VALUES(124,15,124,NULL,NULL);
INSERT INTO category_expense VALUES(125,53,125,NULL,NULL);
INSERT INTO category_expense VALUES(126,15,126,NULL,NULL);
INSERT INTO category_expense VALUES(127,15,127,NULL,NULL);
INSERT INTO category_expense VALUES(128,15,128,NULL,NULL);
INSERT INTO category_expense VALUES(129,15,129,NULL,NULL);
INSERT INTO category_expense VALUES(130,33,130,NULL,NULL);
INSERT INTO category_expense VALUES(131,31,131,NULL,NULL);
INSERT INTO category_expense VALUES(132,24,132,NULL,NULL);
INSERT INTO category_expense VALUES(133,24,133,NULL,NULL);
INSERT INTO category_expense VALUES(134,24,134,NULL,NULL);
INSERT INTO category_expense VALUES(135,24,135,NULL,NULL);
INSERT INTO category_expense VALUES(136,15,136,NULL,NULL);
CREATE TABLE IF NOT EXISTS "settings" ("id" integer primary key autoincrement not null, "user_id" integer not null, "default_currency" varchar not null default 'RUB', "created_at" datetime, "updated_at" datetime, "deleted_at" datetime, "active_budget" varchar, foreign key("user_id") references "users"("id") on delete cascade);
INSERT INTO settings VALUES(1,2,'RUB','2025-01-09 20:29:07','2025-01-09 20:29:07',NULL,'nas-biudzet');
INSERT INTO settings VALUES(2,1,'RUB','2025-01-09 20:43:13','2025-01-09 20:43:13',NULL,'nas-biudzet');
CREATE TABLE IF NOT EXISTS "currency_rates" ("id" integer primary key autoincrement not null, "code_from" varchar not null, "code_to" varchar not null, "rate" float not null, "created_at" datetime, "updated_at" datetime, "deleted_at" datetime);
INSERT INTO currency_rates VALUES(1,'RUB','USD',0.00933999999999999934,'2024-11-27 10:55:49','2024-12-01 05:00:06',NULL);
INSERT INTO currency_rates VALUES(2,'RUB','EUR',0.008876000000000000209,'2024-11-27 10:55:49','2024-12-02 05:00:04',NULL);
INSERT INTO currency_rates VALUES(3,'RUB','GEL',0.02629300000000000039,'2024-11-27 10:55:49','2024-12-01 05:00:06',NULL);
INSERT INTO currency_rates VALUES(4,'RUB','TRY',0.3242260000000000141,'2024-11-27 10:55:49','2024-12-02 05:00:04',NULL);
INSERT INTO currency_rates VALUES(5,'RUB','UZS',120.4074889999999983,'2024-11-27 10:55:49','2024-12-02 05:00:04',NULL);
CREATE TABLE IF NOT EXISTS "purchase_items" ("id" integer primary key autoincrement not null, "expense_id" integer not null, "title" varchar not null, "normalized_title" varchar not null, "price" float not null, "quantity" float not null, "created_at" datetime, "updated_at" datetime, "deleted_at" datetime, foreign key("expense_id") references "expenses"("id") on delete cascade);
INSERT INTO purchase_items VALUES(1,18,'macbook','macbook',3199.0,1.0,'2025-01-10 13:01:49','2025-01-10 13:01:49',NULL);
CREATE TABLE IF NOT EXISTS "exchanges" ("id" integer primary key autoincrement not null, "amount_from" float not null, "account_from" integer not null, "currency_from" varchar not null, "amount_to" float not null, "account_to" integer not null, "currency_to" varchar not null, "exchange_rate" float not null, "oficial_rate" float not null default '0', "user_id" integer not null, "slug" varchar, "expense_id" integer, "income_id" integer, "created_at" datetime, "updated_at" datetime, "deleted_at" datetime, foreign key("account_from") references "accounts"("id"), foreign key("account_to") references "accounts"("id"));
INSERT INTO exchanges VALUES(1,2100.0,5,'USD',5890.0,8,'GEL',0.3565365025466900039,0.0,2,'1',1,9,'2024-12-23 12:43:00','2025-01-10 13:18:52',NULL);
INSERT INTO exchanges VALUES(2,3600.0,1,'RUB',34.63210000000000121,9,'USD',103.9498037947499966,0.0,2,'2',2,10,'2024-12-02 16:00:00','2025-01-10 13:16:40',NULL);
INSERT INTO exchanges VALUES(3,34450.0,1,'RUB',331.25,9,'USD',104.0,0.0,2,'3',3,11,'2024-12-02 16:05:00','2025-01-10 13:16:34',NULL);
INSERT INTO exchanges VALUES(4,9813.0,1,'RUB',94.2289999999999993,9,'USD',104.1399144636999949,0.0,2,'4',4,12,'2024-12-02 16:15:00','2025-01-10 13:16:54',NULL);
INSERT INTO exchanges VALUES(5,128.5740000000000122,9,'USD',351.0,4,'GEL',0.3663076923076900026,0.0,2,'5',5,13,'2024-12-02 12:35:00','2025-01-10 13:16:48',NULL);
INSERT INTO exchanges VALUES(6,331.5049999999999955,9,'USD',905.0,4,'GEL',0.3663038674033100017,0.0,2,'6',6,14,'2024-12-03 21:05:00','2025-01-10 13:17:01',NULL);
INSERT INTO exchanges VALUES(7,5497.0,1,'RUB',54.48510000000000275,9,'USD',100.889968083019994,0.0,2,'7',7,15,'2024-12-16 19:10:00','2025-01-10 13:17:52',NULL);
INSERT INTO exchanges VALUES(8,20000.0,1,'RUB',198.0199000000000069,9,'USD',100.9999500050199969,0.0,2,'8',8,16,'2024-12-16 19:15:00','2025-01-10 13:18:00',NULL);
INSERT INTO exchanges VALUES(9,15000.0,1,'RUB',148.5149000000000114,9,'USD',100.9999670066799951,0.0,1,'9',9,17,'2024-12-16 19:20:00','2025-01-10 12:49:17','2025-01-10 12:49:17');
INSERT INTO exchanges VALUES(10,13400.0,1,'RUB',132.6864999999999953,9,'USD',100.9899273852300041,0.0,2,'10',10,18,'2024-12-16 19:32:00','2025-01-10 13:18:10',NULL);
INSERT INTO exchanges VALUES(11,5940.0,1,'RUB',58.87019999999999698,9,'USD',100.8999459828600039,0.0,2,'11',11,19,'2024-12-16 19:35:00','2025-01-10 13:18:15',NULL);
INSERT INTO exchanges VALUES(12,5000.0,1,'RUB',49.45600000000000306,9,'USD',101.0999676480099936,0.0,1,'12',12,20,'2025-01-10 11:33:51','2025-01-10 12:50:55','2025-01-10 12:50:55');
INSERT INTO exchanges VALUES(13,4600.0,1,'RUB',45.46359999999999957,9,'USD',101.1798449748799982,0.0,2,'13',13,21,'2024-12-16 19:40:00','2025-01-10 13:18:23',NULL);
INSERT INTO exchanges VALUES(14,158.8509999999999991,9,'USD',420.9499999999999887,4,'GEL',0.3773631072573899737,0.0,2,'14',14,22,'2024-12-16 19:55:00','2025-01-10 13:18:41',NULL);
INSERT INTO exchanges VALUES(15,330.6000000000000227,9,'USD',886.0,4,'GEL',0.3731376975169299893,0.0,2,'15',15,23,'2024-12-18 23:15:00','2025-01-10 13:18:48',NULL);
INSERT INTO exchanges VALUES(16,2500.0,1,'RUB',23.47860000000000013,9,'USD',106.4799434378499968,0.0,2,'16',16,24,'2025-01-06 11:55:00','2025-01-10 13:18:58',NULL);
INSERT INTO exchanges VALUES(17,23.25600000000000022,9,'USD',60.0,4,'GEL',0.3876,0.0,2,'17',17,25,'2025-01-06 12:10:00','2025-01-10 13:18:33',NULL);
INSERT INTO exchanges VALUES(18,470.7799999999999728,1,'RUB',146.0,6,'TRY',3.224520547945199934,0.0,1,'18',19,26,'2024-12-02 09:22:00','2025-01-10 13:22:56',NULL);
INSERT INTO exchanges VALUES(19,1961.200000000000045,1,'RUB',50.0,4,'GEL',39.22399999999999664,0.0,1,'19',20,27,'2024-12-14 09:23:00','2025-01-10 13:23:57',NULL);
INSERT INTO exchanges VALUES(20,2260.469999999999799,1,'RUB',726.0,6,'TRY',3.113595041322299916,0.0,1,'20',21,28,'2024-12-30 09:24:00','2025-01-10 13:25:04',NULL);
INSERT INTO exchanges VALUES(21,467.0699999999999932,1,'RUB',150.0,6,'TRY',3.113799999999999902,0.0,1,'21',22,29,'2025-01-04 09:25:00','2025-01-10 13:26:13',NULL);
INSERT INTO exchanges VALUES(22,3600.0,1,'RUB',3600.0,7,'RUB',1.0,0.0,2,'22',31,30,'2024-12-02 10:02:00','2025-01-10 14:02:41',NULL);
INSERT INTO exchanges VALUES(23,7846.329999999999928,1,'RUB',7846.329999999999928,11,'RUB',1.0,0.0,1,'23',32,31,'2024-12-15 10:04:00','2025-01-10 14:05:08',NULL);
INSERT INTO exchanges VALUES(24,5000.0,1,'RUB',5000.0,11,'RUB',1.0,0.0,1,'24',35,33,'2024-12-29 10:07:00','2025-01-10 14:08:17',NULL);
INSERT INTO exchanges VALUES(25,5600.0,1,'RUB',5600.0,11,'RUB',1.0,0.0,1,'25',36,34,'2024-12-31 10:08:00','2025-01-10 14:08:58',NULL);
INSERT INTO exchanges VALUES(26,378.0,1,'RUB',378.0,10,'RUB',1.0,0.0,1,'26',38,35,'2025-01-02 10:09:00','2025-01-10 14:10:12',NULL);
INSERT INTO exchanges VALUES(27,1821.0,1,'RUB',1821.0,10,'RUB',1.0,0.0,1,'27',39,36,'2025-01-09 10:10:00','2025-01-10 14:10:36',NULL);
INSERT INTO exchanges VALUES(28,150.0,4,'GEL',150.0,8,'GEL',1.0,0.0,2,'28',41,37,'2024-12-04 10:15:00','2025-01-10 14:16:13',NULL);
INSERT INTO exchanges VALUES(29,201.0699999999999932,4,'GEL',69.0,12,'USD',2.914057971014500036,0.0,1,'29',47,38,'2024-12-05 10:21:00','2025-01-10 14:22:30',NULL);
INSERT INTO exchanges VALUES(30,50.0,4,'GEL',50.0,8,'GEL',1.0,0.0,2,'30',50,39,'2024-12-05 10:25:00','2025-01-10 14:26:07',NULL);
INSERT INTO exchanges VALUES(31,22.26000000000000157,4,'GEL',7.780000000000000248,12,'USD',2.861182519280200066,0.0,1,'31',52,40,'2024-12-09 10:27:00','2025-01-10 14:27:53',NULL);
INSERT INTO exchanges VALUES(32,250.0,4,'GEL',250.0,8,'GEL',1.0,0.0,2,'32',54,41,'2024-12-09 10:28:00','2025-01-10 14:29:05',NULL);
INSERT INTO exchanges VALUES(33,50.0,4,'GEL',50.0,8,'GEL',1.0,0.0,2,'33',57,42,'2024-12-16 10:31:00','2025-01-10 14:31:24',NULL);
INSERT INTO exchanges VALUES(34,600.0,4,'GEL',600.0,8,'GEL',1.0,0.0,2,'34',61,43,'2024-12-20 10:31:00','2025-01-10 14:33:43',NULL);
INSERT INTO exchanges VALUES(35,287.6399999999999864,4,'GEL',100.0,12,'USD',2.876399999999999846,0.0,1,'35',62,44,'2024-12-23 10:34:00','2025-01-10 14:34:45',NULL);
INSERT INTO exchanges VALUES(36,10.0,8,'GEL',10.0,4,'GEL',1.0,0.0,2,'36',66,45,'2025-01-06 10:38:00','2025-01-10 14:38:30',NULL);
INSERT INTO exchanges VALUES(37,540.0,8,'GEL',540.0,4,'GEL',1.0,0.0,1,'37',67,46,'2025-01-08 10:38:00','2025-01-10 14:39:25',NULL);
INSERT INTO exchanges VALUES(38,57.9200000000000017,4,'GEL',20.0,12,'USD',2.895999999999999908,0.0,1,'38',70,47,'2025-01-10 10:41:18','2025-01-10 14:41:39',NULL);
CREATE TABLE IF NOT EXISTS "payments" ("id" integer primary key autoincrement not null, "title" varchar not null, "normalized_title" varchar not null, "slug" varchar, "regular" tinyint(1) not null, "frequency" varchar, "amount" float not null, "currency" varchar not null, "created_at" datetime, "updated_at" datetime, "deleted_at" datetime, "total" numeric not null default '0', "total_paid" numeric not null default '0', "total_due" numeric not null default '0', "date" date not null, "credit_percent" numeric not null default '0', "deadline" date, "user_id" integer not null, "budget_id" integer not null, foreign key("user_id") references "users"("id") on delete cascade, foreign key("budget_id") references "budgets"("id") on delete cascade);
CREATE TABLE IF NOT EXISTS "operations" ("id" integer primary key autoincrement not null, "account_id" integer not null, "amount" numeric not null, "operation_type" varchar check ("operation_type" in ('income', 'expense')) not null, "operation_id" integer, "description" varchar, "balance_after" numeric not null, "performed_at" datetime not null, "created_at" datetime, "updated_at" datetime, "deleted_at" datetime, foreign key("account_id") references "accounts"("id") on delete cascade);
INSERT INTO operations VALUES(1,1,2500,'income',1,'От юры за подписку',2500,'2025-01-09 20:53:00','2025-01-09 20:44:19','2025-01-09 20:53:00',NULL);
INSERT INTO operations VALUES(2,1,60000,'income',2,'Зарплата',62500,'2025-01-10 01:33:50','2025-01-09 21:23:18','2025-01-10 01:33:50',NULL);
INSERT INTO operations VALUES(3,7,560,'income',3,'процент по вкладу',51252.37999999999739,'2025-01-10 01:34:50','2025-01-10 01:34:50','2025-01-10 01:34:50',NULL);
INSERT INTO operations VALUES(4,1,60000,'income',4,'Зарплата',122500,'2025-01-10 01:35:32','2025-01-10 01:35:32','2025-01-10 01:35:32',NULL);
INSERT INTO operations VALUES(5,1,60000,'income',5,'Зарплата',182500,'2025-01-10 01:36:17','2025-01-10 01:36:17','2025-01-10 01:36:17',NULL);
INSERT INTO operations VALUES(6,1,2500,'income',6,'От юры за подписку',185000,'2025-01-10 01:36:54','2025-01-10 01:36:54','2025-01-10 01:36:54',NULL);
INSERT INTO operations VALUES(7,3,3442.619999999999891,'income',7,'Процент по вкладу',203442.6199999999954,'2025-01-10 01:38:25','2025-01-10 01:38:25','2025-01-10 01:38:25',NULL);
INSERT INTO operations VALUES(8,3,3619.570000000000163,'income',8,'Процент по вкладу',207062.1900000000023,'2025-01-10 01:39:03','2025-01-10 01:39:03','2025-01-10 01:39:03',NULL);
INSERT INTO operations VALUES(9,5,2100,'expense',1,'currency exchange',3500,'2025-01-10 13:18:52','2025-01-10 01:43:10','2025-01-10 13:18:52',NULL);
INSERT INTO operations VALUES(10,8,5890,'income',9,'currency exchange',2691,'2025-01-10 13:18:52','2025-01-10 01:43:10','2025-01-10 13:18:52',NULL);
INSERT INTO operations VALUES(11,1,3600,'expense',2,'currency exchange',85200,'2025-01-10 13:16:40','2025-01-10 11:27:08','2025-01-10 13:16:40',NULL);
INSERT INTO operations VALUES(12,9,34.63210000000000121,'income',10,'currency exchange',23.58500000000000085,'2025-01-10 13:16:40','2025-01-10 11:27:08','2025-01-10 13:16:40',NULL);
INSERT INTO operations VALUES(13,1,34450,'expense',3,'currency exchange',85200,'2025-01-10 13:16:34','2025-01-10 11:27:44','2025-01-10 13:16:34',NULL);
INSERT INTO operations VALUES(14,9,331.25,'income',11,'currency exchange',23.58500000000000085,'2025-01-10 13:16:34','2025-01-10 11:27:44','2025-01-10 13:16:34',NULL);
INSERT INTO operations VALUES(15,1,9813,'expense',4,'currency exchange',85200,'2025-01-10 13:16:54','2025-01-10 11:28:26','2025-01-10 13:16:54',NULL);
INSERT INTO operations VALUES(16,9,94.2289999999999993,'income',12,'currency exchange',23.58500000000000085,'2025-01-10 13:16:54','2025-01-10 11:28:26','2025-01-10 13:16:54',NULL);
INSERT INTO operations VALUES(17,9,128.5740000000000122,'expense',5,'currency exchange',23.58500000000000085,'2025-01-10 13:16:48','2025-01-10 11:29:27','2025-01-10 13:16:48',NULL);
INSERT INTO operations VALUES(18,4,351,'income',13,'currency exchange',2622.949999999999819,'2025-01-10 13:16:48','2025-01-10 11:29:27','2025-01-10 13:16:48',NULL);
INSERT INTO operations VALUES(19,9,331.5049999999999955,'expense',6,'currency exchange',23.58500000000000085,'2025-01-10 13:17:01','2025-01-10 11:30:02','2025-01-10 13:17:01',NULL);
INSERT INTO operations VALUES(20,4,905,'income',14,'currency exchange',2622.949999999999819,'2025-01-10 13:17:01','2025-01-10 11:30:02','2025-01-10 13:17:01',NULL);
INSERT INTO operations VALUES(21,1,5497,'expense',7,'currency exchange',85200,'2025-01-10 13:17:52','2025-01-10 11:30:46','2025-01-10 13:17:52',NULL);
INSERT INTO operations VALUES(22,9,54.48510000000000275,'income',15,'currency exchange',23.58500000000000085,'2025-01-10 13:17:52','2025-01-10 11:30:46','2025-01-10 13:17:52',NULL);
INSERT INTO operations VALUES(23,1,20000,'expense',8,'currency exchange',85200,'2025-01-10 13:18:00','2025-01-10 11:31:27','2025-01-10 13:18:00',NULL);
INSERT INTO operations VALUES(24,9,198.0199000000000069,'income',16,'currency exchange',23.58500000000000085,'2025-01-10 13:18:00','2025-01-10 11:31:27','2025-01-10 13:18:00',NULL);
INSERT INTO operations VALUES(25,1,15000,'expense',9,'currency exchange',96640,'2025-01-10 11:32:06','2025-01-10 11:32:06','2025-01-10 12:49:17','2025-01-10 12:49:17');
INSERT INTO operations VALUES(26,9,148.5149000000000114,'income',17,'currency exchange',401.0520000000000209,'2025-01-10 11:32:06','2025-01-10 11:32:06','2025-01-10 12:49:17','2025-01-10 12:49:17');
INSERT INTO operations VALUES(27,1,13400,'expense',10,'currency exchange',85200,'2025-01-10 13:18:10','2025-01-10 11:32:47','2025-01-10 13:18:10',NULL);
INSERT INTO operations VALUES(28,9,132.6864999999999953,'income',18,'currency exchange',23.58500000000000085,'2025-01-10 13:18:09','2025-01-10 11:32:47','2025-01-10 13:18:09',NULL);
INSERT INTO operations VALUES(29,1,5940,'expense',11,'currency exchange',85200,'2025-01-10 13:18:15','2025-01-10 11:33:23','2025-01-10 13:18:15',NULL);
INSERT INTO operations VALUES(30,9,58.87019999999999698,'income',19,'currency exchange',23.58500000000000085,'2025-01-10 13:18:15','2025-01-10 11:33:23','2025-01-10 13:18:15',NULL);
INSERT INTO operations VALUES(31,1,5000,'expense',12,'currency exchange',72300,'2025-01-10 11:33:51','2025-01-10 11:33:51','2025-01-10 12:50:55','2025-01-10 12:50:55');
INSERT INTO operations VALUES(32,9,49.45600000000000306,'income',20,'currency exchange',642.0647000000000161,'2025-01-10 11:33:51','2025-01-10 11:33:51','2025-01-10 12:50:55','2025-01-10 12:50:55');
INSERT INTO operations VALUES(33,1,4600,'expense',13,'currency exchange',85200,'2025-01-10 13:18:23','2025-01-10 11:34:20','2025-01-10 13:18:23',NULL);
INSERT INTO operations VALUES(34,9,45.46359999999999957,'income',21,'currency exchange',23.58500000000000085,'2025-01-10 13:18:23','2025-01-10 11:34:20','2025-01-10 13:18:23',NULL);
INSERT INTO operations VALUES(35,9,158.8509999999999991,'expense',14,'currency exchange',23.58500000000000085,'2025-01-10 13:18:40','2025-01-10 11:35:10','2025-01-10 13:18:41',NULL);
INSERT INTO operations VALUES(36,4,420.9499999999999887,'income',22,'currency exchange',2622.949999999999819,'2025-01-10 13:18:40','2025-01-10 11:35:10','2025-01-10 13:18:40',NULL);
INSERT INTO operations VALUES(37,9,330.6000000000000227,'expense',15,'currency exchange',23.58500000000000085,'2025-01-10 13:18:48','2025-01-10 11:35:53','2025-01-10 13:18:48',NULL);
INSERT INTO operations VALUES(38,4,886,'income',23,'currency exchange',2622.949999999999819,'2025-01-10 13:18:48','2025-01-10 11:35:53','2025-01-10 13:18:48',NULL);
INSERT INTO operations VALUES(39,1,2500,'expense',16,'currency exchange',85200,'2025-01-10 13:18:57','2025-01-10 11:36:46','2025-01-10 13:18:58',NULL);
INSERT INTO operations VALUES(40,9,23.47860000000000013,'income',24,'currency exchange',23.58500000000000085,'2025-01-10 13:18:57','2025-01-10 11:36:46','2025-01-10 13:18:57',NULL);
INSERT INTO operations VALUES(41,9,23.25600000000000022,'expense',17,'currency exchange',23.58500000000000085,'2025-01-10 13:50:54','2025-01-10 11:37:08','2025-01-10 13:50:54',NULL);
INSERT INTO operations VALUES(42,4,60,'income',25,'currency exchange',2622.949999999999819,'2025-01-10 13:18:33','2025-01-10 11:37:08','2025-01-10 13:18:33',NULL);
INSERT INTO operations VALUES(43,8,3199,'expense',18,'Macbook',2691,'2025-01-10 13:01:49','2025-01-10 13:01:32','2025-01-10 13:01:49',NULL);
INSERT INTO operations VALUES(44,1,470.7799999999999728,'expense',19,'currency exchange',84729.22000000000116,'2025-01-10 13:22:56','2025-01-10 13:22:56','2025-01-10 13:22:56',NULL);
INSERT INTO operations VALUES(45,6,146,'income',26,'currency exchange',150.5500000000000113,'2025-01-10 13:22:56','2025-01-10 13:22:56','2025-01-10 13:22:56',NULL);
INSERT INTO operations VALUES(46,1,1961.200000000000045,'expense',20,'currency exchange',82768.02000000000407,'2025-01-10 13:23:57','2025-01-10 13:23:57','2025-01-10 13:23:57',NULL);
INSERT INTO operations VALUES(47,4,50,'income',27,'currency exchange',2672.949999999999819,'2025-01-10 13:23:57','2025-01-10 13:23:57','2025-01-10 13:23:57',NULL);
INSERT INTO operations VALUES(48,1,2260.469999999999799,'expense',21,'currency exchange',80507.55000000000291,'2025-01-10 13:25:04','2025-01-10 13:25:04','2025-01-10 13:25:04',NULL);
INSERT INTO operations VALUES(49,6,726,'income',28,'currency exchange',876.5499999999999546,'2025-01-10 13:25:04','2025-01-10 13:25:04','2025-01-10 13:25:04',NULL);
INSERT INTO operations VALUES(50,1,467.0699999999999932,'expense',22,'currency exchange',80040.47999999999593,'2025-01-10 13:26:13','2025-01-10 13:26:13','2025-01-10 13:26:13',NULL);
INSERT INTO operations VALUES(51,6,150,'income',29,'currency exchange',1026.549999999999955,'2025-01-10 13:26:13','2025-01-10 13:26:13','2025-01-10 13:26:13',NULL);
INSERT INTO operations VALUES(52,6,149.990000000000009,'expense',23,'Netflix',876.5599999999999454,'2025-01-10 13:28:14','2025-01-10 13:28:14','2025-01-10 13:28:14',NULL);
INSERT INTO operations VALUES(53,6,726,'expense',24,'игры playstation',150.5600000000000022,'2025-01-10 13:29:03','2025-01-10 13:29:03','2025-01-10 13:29:03',NULL);
INSERT INTO operations VALUES(54,6,149.990000000000009,'expense',25,'Netflix',0.5699999999999899592,'2025-01-10 13:29:28','2025-01-10 13:29:28','2025-01-10 13:29:28',NULL);
INSERT INTO operations VALUES(55,5,200,'expense',26,'Аренда батуми',3300,'2025-01-10 13:32:38','2025-01-10 13:32:38','2025-01-10 13:32:38',NULL);
INSERT INTO operations VALUES(56,9,23.25600000000000022,'expense',27,'test',0.3290000000000000146,'2025-01-10 13:51:34','2025-01-10 13:51:34','2025-01-10 13:51:34',NULL);
INSERT INTO operations VALUES(57,8,560,'expense',28,'Аренда',2121,'2025-01-10 13:56:23','2025-01-10 13:54:58','2025-01-10 13:56:23',NULL);
INSERT INTO operations VALUES(58,8,10,'expense',29,'Игра днд',2101,'2025-01-10 13:56:00','2025-01-10 13:56:00','2025-01-10 13:56:00',NULL);
INSERT INTO operations VALUES(59,1,198,'expense',30,'плата за обслуживание',79842.47999999999593,'2025-01-10 14:00:58','2025-01-10 14:00:58','2025-01-10 14:00:58',NULL);
INSERT INTO operations VALUES(60,1,3600,'expense',31,'currency exchange',76242.47999999999593,'2025-01-10 14:02:41','2025-01-10 14:02:41','2025-01-10 14:02:41',NULL);
INSERT INTO operations VALUES(61,7,3600,'income',30,'currency exchange',54852.37999999999739,'2025-01-10 14:02:41','2025-01-10 14:02:41','2025-01-10 14:02:41',NULL);
INSERT INTO operations VALUES(62,1,7846.329999999999928,'expense',32,'currency exchange',68396.14999999999417,'2025-01-10 14:05:08','2025-01-10 14:05:08','2025-01-10 14:05:08',NULL);
INSERT INTO operations VALUES(63,11,7846.329999999999928,'income',31,'currency exchange',7846.329999999999928,'2025-01-10 14:05:08','2025-01-10 14:05:08','2025-01-10 14:05:08',NULL);
INSERT INTO operations VALUES(64,1,100,'income',32,'от гены на пополнение мобильного',68496.14999999999417,'2025-01-10 14:05:56','2025-01-10 14:05:56','2025-01-10 14:05:56',NULL);
INSERT INTO operations VALUES(65,1,778.7000000000000454,'expense',33,'Комуналка адыгея',67717.44999999999709,'2025-01-10 14:07:25','2025-01-10 14:07:25','2025-01-10 14:07:25',NULL);
INSERT INTO operations VALUES(66,1,2000,'expense',34,'Подарок маме на новый год',65717.44999999999709,'2025-01-10 14:07:46','2025-01-10 14:07:46','2025-01-10 14:07:46',NULL);
INSERT INTO operations VALUES(67,1,5000,'expense',35,'currency exchange',60717.44999999999709,'2025-01-10 14:08:17','2025-01-10 14:08:17','2025-01-10 14:08:17',NULL);
INSERT INTO operations VALUES(68,11,5000,'income',33,'currency exchange',12846.32999999999993,'2025-01-10 14:08:17','2025-01-10 14:08:17','2025-01-10 14:08:17',NULL);
INSERT INTO operations VALUES(69,1,5600,'expense',36,'currency exchange',55117.44999999999709,'2025-01-10 14:08:58','2025-01-10 14:08:58','2025-01-10 14:08:58',NULL);
INSERT INTO operations VALUES(70,11,5600,'income',34,'currency exchange',18446.33000000000175,'2025-01-10 14:08:58','2025-01-10 14:08:58','2025-01-10 14:08:58',NULL);
INSERT INTO operations VALUES(71,1,198,'expense',37,'плата за обслуживание тинька',54919.44999999999709,'2025-01-10 14:09:26','2025-01-10 14:09:26','2025-01-10 14:09:26',NULL);
INSERT INTO operations VALUES(72,1,378,'expense',38,'currency exchange',54541.44999999999709,'2025-01-10 14:10:12','2025-01-10 14:10:12','2025-01-10 14:10:12',NULL);
INSERT INTO operations VALUES(73,10,378,'income',35,'currency exchange',378,'2025-01-10 14:10:12','2025-01-10 14:10:12','2025-01-10 14:10:12',NULL);
INSERT INTO operations VALUES(74,1,1821,'expense',39,'currency exchange',52720.44999999999709,'2025-01-10 14:10:36','2025-01-10 14:10:36','2025-01-10 14:10:36',NULL);
INSERT INTO operations VALUES(75,10,1821,'income',36,'currency exchange',2199,'2025-01-10 14:10:36','2025-01-10 14:10:36','2025-01-10 14:10:36',NULL);
INSERT INTO operations VALUES(76,4,16.69999999999999929,'expense',40,'Мобильная связь ДВ',2656.25,'2025-01-10 14:15:18','2025-01-10 14:15:18','2025-01-10 14:15:18',NULL);
INSERT INTO operations VALUES(77,4,150,'expense',41,'currency exchange',2506.25,'2025-01-10 14:16:13','2025-01-10 14:16:13','2025-01-10 14:16:13',NULL);
INSERT INTO operations VALUES(78,8,150,'income',37,'currency exchange',2271,'2025-01-10 14:16:13','2025-01-10 14:16:13','2025-01-10 14:16:13',NULL);
INSERT INTO operations VALUES(79,4,50,'expense',42,'Домашний интернет',2456.25,'2025-01-10 14:17:19','2025-01-10 14:17:19','2025-01-10 14:17:19',NULL);
INSERT INTO operations VALUES(80,4,203.2299999999999898,'expense',43,'Газ',2253.019999999999982,'2025-01-10 14:17:41','2025-01-10 14:17:41','2025-01-10 14:17:41',NULL);
INSERT INTO operations VALUES(81,4,139.8300000000000125,'expense',44,'Свет',2113.190000000000054,'2025-01-10 14:17:56','2025-01-10 14:17:56','2025-01-10 14:17:56',NULL);
INSERT INTO operations VALUES(82,4,201.0699999999999932,'expense',45,'Подписка  GPT Юре',1912.119999999999891,'2025-01-10 14:19:27','2025-01-10 14:19:27','2025-01-10 14:24:13','2025-01-10 14:24:13');
INSERT INTO operations VALUES(83,4,0.5,'expense',46,'Обслуживание карты',1911.619999999999891,'2025-01-10 14:19:48','2025-01-10 14:19:48','2025-01-10 14:19:48',NULL);
INSERT INTO operations VALUES(84,4,201.0699999999999932,'expense',47,'currency exchange',1710.549999999999955,'2025-01-10 14:22:30','2025-01-10 14:22:30','2025-01-10 14:22:30',NULL);
INSERT INTO operations VALUES(85,12,69,'income',38,'currency exchange',69,'2025-01-10 14:22:30','2025-01-10 14:22:30','2025-01-10 14:22:30',NULL);
INSERT INTO operations VALUES(86,12,20,'expense',48,'gpt Юра',49,'2025-01-10 14:24:53','2025-01-10 14:24:53','2025-01-10 14:24:53',NULL);
INSERT INTO operations VALUES(87,12,49,'expense',49,'подписка laravel idea',0,'2025-01-10 14:25:25','2025-01-10 14:25:25','2025-01-10 14:25:25',NULL);
INSERT INTO operations VALUES(88,4,50,'expense',50,'currency exchange',1861.619999999999891,'2025-01-10 14:26:07','2025-01-10 14:26:07','2025-01-10 14:26:07',NULL);
INSERT INTO operations VALUES(89,8,50,'income',39,'currency exchange',2321,'2025-01-10 14:26:07','2025-01-10 14:26:07','2025-01-10 14:26:07',NULL);
INSERT INTO operations VALUES(90,4,1.5,'expense',51,'Обслуживание счета',1860.119999999999891,'2025-01-10 14:27:05','2025-01-10 14:27:05','2025-01-10 14:27:05',NULL);
INSERT INTO operations VALUES(91,4,22.26000000000000157,'expense',52,'currency exchange',1837.8599999999999,'2025-01-10 14:27:53','2025-01-10 14:27:53','2025-01-10 14:27:53',NULL);
INSERT INTO operations VALUES(92,12,7.780000000000000248,'income',40,'currency exchange',7.780000000000000248,'2025-01-10 14:27:53','2025-01-10 14:27:53','2025-01-10 14:27:53',NULL);
INSERT INTO operations VALUES(93,12,7.780000000000000248,'expense',53,'dnd',0,'2025-01-10 14:28:26','2025-01-10 14:28:26','2025-01-10 14:28:26',NULL);
INSERT INTO operations VALUES(94,4,250,'expense',54,'currency exchange',1587.8599999999999,'2025-01-10 14:29:05','2025-01-10 14:29:05','2025-01-10 14:29:05',NULL);
INSERT INTO operations VALUES(95,8,250,'income',41,'currency exchange',2571,'2025-01-10 14:29:05','2025-01-10 14:29:05','2025-01-10 14:29:05',NULL);
INSERT INTO operations VALUES(96,4,8,'expense',55,'Мобильная связь Катя',1579.8599999999999,'2025-01-10 14:30:19','2025-01-10 14:30:19','2025-01-10 14:30:19',NULL);
INSERT INTO operations VALUES(97,4,0.5,'expense',56,'обслуживание аккаунта',1579.3599999999999,'2025-01-10 14:30:55','2025-01-10 14:30:55','2025-01-10 14:30:55',NULL);
INSERT INTO operations VALUES(98,4,50,'expense',57,'currency exchange',1529.3599999999999,'2025-01-10 14:31:24','2025-01-10 14:31:24','2025-01-10 14:31:24',NULL);
INSERT INTO operations VALUES(99,8,50,'income',42,'currency exchange',2621,'2025-01-10 14:31:24','2025-01-10 14:31:24','2025-01-10 14:31:24',NULL);
INSERT INTO operations VALUES(100,4,2,'expense',58,'Мобильная связь ДВ',1527.3599999999999,'2025-01-10 14:32:04','2025-01-10 14:32:04','2025-01-10 14:32:04',NULL);
INSERT INTO operations VALUES(101,4,61,'expense',59,'Страховка ДВ',1466.3599999999999,'2025-01-10 14:32:30','2025-01-10 14:32:30','2025-01-10 14:32:30',NULL);
INSERT INTO operations VALUES(102,4,90,'expense',60,'Страховка Катя + Алиса',1376.3599999999999,'2025-01-10 14:33:05','2025-01-10 14:33:05','2025-01-10 14:33:05',NULL);
INSERT INTO operations VALUES(103,4,600,'expense',61,'currency exchange',776.3600000000000136,'2025-01-10 14:33:43','2025-01-10 14:33:43','2025-01-10 14:33:43',NULL);
INSERT INTO operations VALUES(104,8,600,'income',43,'currency exchange',3221,'2025-01-10 14:33:43','2025-01-10 14:33:43','2025-01-10 14:33:43',NULL);
INSERT INTO operations VALUES(105,4,287.6399999999999864,'expense',62,'currency exchange',488.7200000000000272,'2025-01-10 14:34:45','2025-01-10 14:34:45','2025-01-10 14:34:45',NULL);
INSERT INTO operations VALUES(106,12,100,'income',44,'currency exchange',100,'2025-01-10 14:34:45','2025-01-10 14:34:45','2025-01-10 14:34:45',NULL);
INSERT INTO operations VALUES(107,12,100,'expense',63,'подписка AI assistant phpstorm',0,'2025-01-10 14:35:57','2025-01-10 14:35:57','2025-01-10 14:35:57',NULL);
INSERT INTO operations VALUES(108,4,9,'expense',64,'Мобильная связь ДВ',479.7200000000000272,'2025-01-10 14:37:07','2025-01-10 14:37:07','2025-01-10 14:37:07',NULL);
INSERT INTO operations VALUES(109,4,16.69999999999999929,'expense',65,'Мобильная связь ДВ',463.0199999999999819,'2025-01-10 14:37:40','2025-01-10 14:37:40','2025-01-10 14:37:40',NULL);
INSERT INTO operations VALUES(110,8,10,'expense',66,'currency exchange',3211,'2025-01-10 14:38:30','2025-01-10 14:38:30','2025-01-10 14:38:30',NULL);
INSERT INTO operations VALUES(111,4,10,'income',45,'currency exchange',473.0199999999999819,'2025-01-10 14:38:30','2025-01-10 14:38:30','2025-01-10 14:38:30',NULL);
INSERT INTO operations VALUES(112,8,540,'expense',67,'currency exchange',2671,'2025-01-10 14:39:25','2025-01-10 14:39:25','2025-01-10 14:39:25',NULL);
INSERT INTO operations VALUES(113,4,540,'income',46,'currency exchange',1013.019999999999982,'2025-01-10 14:39:25','2025-01-10 14:39:25','2025-01-10 14:39:25',NULL);
INSERT INTO operations VALUES(114,4,1.5,'expense',68,'Обслуживание счёта',1011.519999999999982,'2025-01-10 14:40:18','2025-01-10 14:40:18','2025-01-10 14:40:18',NULL);
INSERT INTO operations VALUES(115,4,8,'expense',69,'Мобильная связь Катя',1003.519999999999982,'2025-01-10 14:40:34','2025-01-10 14:40:34','2025-01-10 14:40:34',NULL);
INSERT INTO operations VALUES(116,4,57.9200000000000017,'expense',70,'currency exchange',945.600000000000022,'2025-01-10 14:41:39','2025-01-10 14:41:39','2025-01-10 14:41:39',NULL);
INSERT INTO operations VALUES(117,12,20,'income',47,'currency exchange',20,'2025-01-10 14:41:39','2025-01-10 14:41:39','2025-01-10 14:41:39',NULL);
INSERT INTO operations VALUES(118,12,20,'expense',71,'gpt Юра',0,'2025-01-10 14:42:03','2025-01-10 14:42:03','2025-01-10 14:42:03',NULL);
INSERT INTO operations VALUES(119,4,2,'expense',72,'такси',943.600000000000022,'2025-01-10 15:20:58','2025-01-10 15:20:58','2025-01-10 15:20:58',NULL);
INSERT INTO operations VALUES(120,4,2.700000000000000177,'expense',73,'такси',940.899999999999978,'2025-01-10 15:21:28','2025-01-10 15:21:28','2025-01-10 15:21:28',NULL);
INSERT INTO operations VALUES(121,4,2,'expense',74,'такси',938.899999999999978,'2025-01-10 15:21:43','2025-01-10 15:21:43','2025-01-10 15:21:43',NULL);
INSERT INTO operations VALUES(122,4,3.100000000000000088,'expense',75,'такси',935.799999999999955,'2025-01-10 15:22:10','2025-01-10 15:22:10','2025-01-10 15:22:10',NULL);
INSERT INTO operations VALUES(123,4,2.700000000000000177,'expense',76,'такси',933.100000000000022,'2025-01-10 15:22:42','2025-01-10 15:22:42','2025-01-10 15:22:42',NULL);
INSERT INTO operations VALUES(124,4,3.200000000000000177,'expense',77,'такси',929.899999999999978,'2025-01-10 15:23:16','2025-01-10 15:23:16','2025-01-10 15:23:16',NULL);
INSERT INTO operations VALUES(125,4,2.200000000000000178,'expense',78,'такси',927.700000000000045,'2025-01-10 15:23:35','2025-01-10 15:23:35','2025-01-10 15:23:35',NULL);
INSERT INTO operations VALUES(126,4,1.5,'expense',79,'такси',926.200000000000045,'2025-01-10 15:23:57','2025-01-10 15:23:57','2025-01-10 15:23:57',NULL);
INSERT INTO operations VALUES(127,4,2,'expense',80,'такси',924.200000000000045,'2025-01-10 15:24:07','2025-01-10 15:24:07','2025-01-10 15:24:07',NULL);
INSERT INTO operations VALUES(128,4,2.200000000000000178,'expense',81,'такси',922,'2025-01-10 15:24:34','2025-01-10 15:24:34','2025-01-10 15:24:34',NULL);
INSERT INTO operations VALUES(129,4,2.700000000000000177,'expense',82,'такси',919.2999999999999546,'2025-01-10 15:25:00','2025-01-10 15:25:00','2025-01-10 15:25:00',NULL);
INSERT INTO operations VALUES(130,4,1.300000000000000044,'expense',83,'такси',918,'2025-01-10 15:25:33','2025-01-10 15:25:33','2025-01-10 15:25:33',NULL);
INSERT INTO operations VALUES(131,4,3.399999999999999912,'expense',84,'такси',914.6000000000000227,'2025-01-10 15:26:13','2025-01-10 15:26:13','2025-01-10 15:26:13',NULL);
INSERT INTO operations VALUES(132,4,2.5,'expense',85,'такси',912.1000000000000227,'2025-01-10 15:26:31','2025-01-10 15:26:31','2025-01-10 15:26:31',NULL);
INSERT INTO operations VALUES(133,4,1.5,'expense',86,'такси',910.6000000000000227,'2025-01-10 15:26:55','2025-01-10 15:26:55','2025-01-10 15:26:55',NULL);
INSERT INTO operations VALUES(134,4,1.399999999999999912,'expense',87,'такси',909.2000000000000454,'2025-01-10 15:27:06','2025-01-10 15:27:06','2025-01-10 15:27:06',NULL);
INSERT INTO operations VALUES(135,4,2.200000000000000178,'expense',88,'такси',907,'2025-01-10 15:27:31','2025-01-10 15:27:31','2025-01-10 15:27:31',NULL);
INSERT INTO operations VALUES(136,4,1.399999999999999912,'expense',89,'такси',905.6000000000000227,'2025-01-10 15:27:44','2025-01-10 15:27:44','2025-01-10 15:27:44',NULL);
INSERT INTO operations VALUES(137,4,2.200000000000000178,'expense',90,'такси',903.3999999999999773,'2025-01-10 15:28:25','2025-01-10 15:28:25','2025-01-10 15:28:25',NULL);
INSERT INTO operations VALUES(138,4,2.799999999999999823,'expense',91,'такси',900.6000000000000227,'2025-01-10 15:28:43','2025-01-10 15:28:43','2025-01-10 15:28:43',NULL);
INSERT INTO operations VALUES(139,4,2.899999999999999912,'expense',92,'такси',897.7000000000000454,'2025-01-10 15:29:08','2025-01-10 15:29:09','2025-01-10 15:29:09',NULL);
INSERT INTO operations VALUES(140,4,8.800000000000000711,'expense',93,'такси',888.8999999999999773,'2025-01-10 15:29:40','2025-01-10 15:29:40','2025-01-10 15:29:40',NULL);
INSERT INTO operations VALUES(141,4,2.200000000000000178,'expense',94,'такси',886.7000000000000454,'2025-01-10 15:29:59','2025-01-10 15:29:59','2025-01-10 15:29:59',NULL);
INSERT INTO operations VALUES(142,4,3,'expense',95,'такси',883.7000000000000454,'2025-01-10 15:30:10','2025-01-10 15:30:10','2025-01-10 15:30:10',NULL);
INSERT INTO operations VALUES(143,4,2.799999999999999823,'expense',96,'такси',880.8999999999999773,'2025-01-10 15:30:33','2025-01-10 15:30:33','2025-01-10 15:30:33',NULL);
INSERT INTO operations VALUES(144,4,2.899999999999999912,'expense',97,'такси',878,'2025-01-10 15:30:53','2025-01-10 15:30:53','2025-01-10 15:30:53',NULL);
INSERT INTO operations VALUES(145,4,2.200000000000000178,'expense',98,'такси',875.7999999999999546,'2025-01-10 15:31:08','2025-01-10 15:31:08','2025-01-10 15:31:08',NULL);
INSERT INTO operations VALUES(146,4,2.700000000000000177,'expense',99,'такси',873.1000000000000227,'2025-01-10 15:31:19','2025-01-10 15:31:19','2025-01-10 15:31:19',NULL);
INSERT INTO operations VALUES(147,4,2.799999999999999823,'expense',100,'такси',870.2999999999999546,'2025-01-10 15:31:43','2025-01-10 15:31:43','2025-01-10 15:31:43',NULL);
INSERT INTO operations VALUES(148,4,1.899999999999999912,'expense',101,'такси',868.3999999999999773,'2025-01-10 15:31:56','2025-01-10 15:31:56','2025-01-10 15:31:56',NULL);
INSERT INTO operations VALUES(149,4,8.699999999999999289,'expense',102,'такси',859.7000000000000454,'2025-01-10 15:32:27','2025-01-10 15:32:27','2025-01-10 15:32:27',NULL);
INSERT INTO operations VALUES(150,4,2.100000000000000088,'expense',103,'такси',857.6000000000000227,'2025-01-10 15:32:46','2025-01-10 15:32:46','2025-01-10 15:32:46',NULL);
INSERT INTO operations VALUES(151,4,2.899999999999999912,'expense',104,'такси',854.7000000000000454,'2025-01-10 15:33:08','2025-01-10 15:33:08','2025-01-10 15:33:08',NULL);
INSERT INTO operations VALUES(152,4,1.5,'expense',105,'такси',853.2000000000000454,'2025-01-10 15:33:23','2025-01-10 15:33:23','2025-01-10 15:33:23',NULL);
INSERT INTO operations VALUES(153,4,11.94999999999999929,'expense',106,'Покупка карфур',841.25,'2025-01-10 15:34:45','2025-01-10 15:34:45','2025-01-10 15:34:45',NULL);
INSERT INTO operations VALUES(154,2,3.5,'expense',107,'покупка мзиа',9996.5,'2025-01-10 15:36:30','2025-01-10 15:36:30','2025-01-10 15:36:30',NULL);
INSERT INTO operations VALUES(155,2,1.75,'expense',108,'покупка назилбе',9994.75,'2025-01-10 15:37:03','2025-01-10 15:37:03','2025-01-10 15:37:03',NULL);
INSERT INTO operations VALUES(156,2,2.350000000000000088,'expense',109,'покупка никора',9992.39999999999964,'2025-01-10 15:37:28','2025-01-10 15:37:28','2025-01-10 15:37:28',NULL);
INSERT INTO operations VALUES(157,2,50,'expense',110,'Оплата доставки стрелиция',9942.39999999999964,'2025-01-10 15:38:23','2025-01-10 15:38:23','2025-01-10 15:38:23',NULL);
INSERT INTO operations VALUES(158,2,3.950000000000000177,'expense',111,'покупка бт',9938.45000000000073,'2025-01-10 15:38:56','2025-01-10 15:38:56','2025-01-10 15:38:56',NULL);
INSERT INTO operations VALUES(159,2,19.62000000000000099,'expense',112,'покупка карфур',9918.82999999999993,'2025-01-10 15:39:31','2025-01-10 15:39:31','2025-01-10 15:39:31',NULL);
INSERT INTO operations VALUES(160,2,7,'expense',113,'покупка vz',9911.82999999999993,'2025-01-10 15:40:27','2025-01-10 15:40:27','2025-01-10 15:40:27',NULL);
INSERT INTO operations VALUES(161,2,6.44000000000000039,'expense',114,'покупка карфур',9905.38999999999942,'2025-01-10 15:40:59','2025-01-10 15:40:59','2025-01-10 15:40:59',NULL);
INSERT INTO operations VALUES(162,2,8.599999999999999645,'expense',115,'покупка назилбе',9896.79000000000088,'2025-01-10 15:41:22','2025-01-10 15:41:22','2025-01-10 15:41:22',NULL);
INSERT INTO operations VALUES(163,2,31,'expense',116,'Доставка стрелиция',9865.79000000000088,'2025-01-10 15:41:49','2025-01-10 15:41:49','2025-01-10 15:41:49',NULL);
INSERT INTO operations VALUES(164,2,33.85999999999999944,'expense',117,'покупка назилбе',9831.93000000000029,'2025-01-10 15:42:51','2025-01-10 15:42:51','2025-01-10 15:42:51',NULL);
INSERT INTO operations VALUES(165,2,8.300000000000000711,'expense',118,'покупка анри',9823.62999999999919,'2025-01-10 15:43:22','2025-01-10 15:43:22','2025-01-10 15:43:22',NULL);
INSERT INTO operations VALUES(166,2,0.5400000000000000355,'expense',119,'покупка карфур',9823.09000000000014,'2025-01-10 15:43:54','2025-01-10 15:43:54','2025-01-10 15:43:54',NULL);
INSERT INTO operations VALUES(167,2,15.09999999999999965,'expense',120,'покупка бт',9807.98999999999979,'2025-01-10 15:44:16','2025-01-10 15:44:16','2025-01-10 15:44:16',NULL);
INSERT INTO operations VALUES(168,2,20.35000000000000143,'expense',121,'покупка бт',9787.63999999999942,'2025-01-10 15:44:52','2025-01-10 15:44:52','2025-01-10 15:44:52',NULL);
INSERT INTO operations VALUES(169,2,4.589999999999999858,'expense',122,'покупка карфур',9783.04999999999927,'2025-01-10 15:45:15','2025-01-10 15:45:15','2025-01-10 15:45:15',NULL);
INSERT INTO operations VALUES(170,2,23.5,'expense',123,'покупка глюкоза',9759.54999999999927,'2025-01-10 15:45:43','2025-01-10 15:45:43','2025-01-10 15:45:43',NULL);
INSERT INTO operations VALUES(171,2,5.950000000000000177,'expense',124,'покупка бт',9753.60000000000036,'2025-01-10 15:46:07','2025-01-10 15:46:07','2025-01-10 15:46:07',NULL);
INSERT INTO operations VALUES(172,2,10,'expense',125,'покупка фэшн бэби',9743.60000000000036,'2025-01-10 15:46:32','2025-01-10 15:46:32','2025-01-10 15:46:32',NULL);
INSERT INTO operations VALUES(173,2,-0.2000000000000000111,'expense',126,'покупка назилбе',9743.79999999999927,'2025-01-10 15:47:01','2025-01-10 15:47:01','2025-01-10 15:47:01',NULL);
INSERT INTO operations VALUES(174,2,36.60999999999999944,'expense',127,'покупка назилбе',9707.1900000000005,'2025-01-10 15:47:28','2025-01-10 15:47:28','2025-01-10 15:47:28',NULL);
INSERT INTO operations VALUES(175,2,21.51999999999999958,'expense',128,'покупка карфур',9685.67000000000007,'2025-01-10 15:47:45','2025-01-10 15:47:45','2025-01-10 15:47:45',NULL);
INSERT INTO operations VALUES(176,2,4.94000000000000039,'expense',129,'покупка карфур',9680.72999999999957,'2025-01-10 15:48:20','2025-01-10 15:48:20','2025-01-10 15:48:20',NULL);
INSERT INTO operations VALUES(177,4,237.3899999999999864,'expense',130,'газ',603.8600000000000136,'2025-01-10 15:51:31','2025-01-10 15:51:31','2025-01-10 15:51:31',NULL);
INSERT INTO operations VALUES(178,4,144.4699999999999989,'expense',131,'Свет',459.3899999999999864,'2025-01-10 15:51:47','2025-01-10 15:51:47','2025-01-10 15:51:47',NULL);
INSERT INTO operations VALUES(179,8,0.6999999999999999556,'expense',132,'Маршрутка',2670.300000000000181,'2025-01-10 16:16:01','2025-01-10 16:16:01','2025-01-10 16:16:01',NULL);
INSERT INTO operations VALUES(180,8,5.5,'expense',133,'Транспортная карта',2664.800000000000181,'2025-01-10 16:16:23','2025-01-10 16:16:23','2025-01-10 16:16:23',NULL);
INSERT INTO operations VALUES(181,8,5,'expense',134,'транспортная карта',2659.800000000000181,'2025-01-10 16:16:37','2025-01-10 16:16:37','2025-01-10 16:16:37',NULL);
INSERT INTO operations VALUES(182,8,3,'expense',135,'транспортная карта',2656.800000000000181,'2025-01-10 16:17:07','2025-01-10 16:17:07','2025-01-10 16:17:07',NULL);
INSERT INTO operations VALUES(183,4,360.0199999999999819,'expense',136,'Подгон остатков',99.3700000000000045,'2025-01-10 16:24:45','2025-01-10 16:24:45','2025-01-10 16:24:45',NULL);
DELETE FROM sqlite_sequence;
INSERT INTO sqlite_sequence VALUES('migrations',24);
INSERT INTO sqlite_sequence VALUES('payments',0);
INSERT INTO sqlite_sequence VALUES('users',2);
INSERT INTO sqlite_sequence VALUES('budgets',1);
INSERT INTO sqlite_sequence VALUES('budget_user',2);
INSERT INTO sqlite_sequence VALUES('settings',2);
INSERT INTO sqlite_sequence VALUES('accounts',12);
INSERT INTO sqlite_sequence VALUES('account_budget',12);
INSERT INTO sqlite_sequence VALUES('currency_rates',5);
INSERT INTO sqlite_sequence VALUES('incomes',47);
INSERT INTO sqlite_sequence VALUES('operations',183);
INSERT INTO sqlite_sequence VALUES('exchanges',38);
INSERT INTO sqlite_sequence VALUES('expenses',136);
INSERT INTO sqlite_sequence VALUES('categories',64);
INSERT INTO sqlite_sequence VALUES('category_expense',136);
INSERT INTO sqlite_sequence VALUES('purchase_items',1);
CREATE UNIQUE INDEX "users_email_unique" on "users" ("email");
CREATE INDEX "sessions_user_id_index" on "sessions" ("user_id");
CREATE INDEX "sessions_last_activity_index" on "sessions" ("last_activity");
CREATE INDEX "jobs_queue_index" on "jobs" ("queue");
CREATE UNIQUE INDEX "failed_jobs_uuid_unique" on "failed_jobs" ("uuid");
CREATE UNIQUE INDEX "budgets_slug_unique" on "budgets" ("slug");
CREATE UNIQUE INDEX "accounts_slug_unique" on "accounts" ("slug");
CREATE INDEX "expenses_normalized_title_index" on "expenses" ("normalized_title");
CREATE INDEX "categories_normalized_title_index" on "categories" ("normalized_title");
CREATE INDEX "incomes_normalized_title_index" on "incomes" ("normalized_title");
CREATE UNIQUE INDEX "incomes_slug_unique" on "incomes" ("slug");
CREATE UNIQUE INDEX "expenses_slug_unique" on "expenses" ("slug");
CREATE INDEX "accounts_normalized_title_index" on "accounts" ("normalized_title");
CREATE UNIQUE INDEX "exchanges_slug_unique" on "exchanges" ("slug");
CREATE INDEX "payments_user_id_budget_id_index" on "payments" ("user_id", "budget_id");
CREATE UNIQUE INDEX "payments_slug_unique" on "payments" ("slug");
COMMIT;
